,User,Chat
0,zmfqkr11,쇼메 아겜 탈락확정경기 ㅋㅋ
1,색끈미시,1
2,dheuckxc,누가 더 잘하냐
3,韓國인,#DKWIN
4,lmuchaco,piedi
5,케네넨,한다
6,르꼬르꼬르,1
7,김정수백상현조현수백학준,누가이길라나..
8,오리고양이,1
9,콘선,와
10,uh1223,큰거온다
11,오지고너굴이,와
12,헬로우181818,담원 > 젠지 ㄹㅇㅋㅋ
13,songjun0979,담원 힘들겠지만 이기면좋겠다..
14,장작_루트트루,ㅎㅇ.
15,cks0704,오
16,김평화_,1
17,geneggayo,오
18,초_영,lets go geng
19,khan0411,Geng 이 아니라 gang
20,midkingss,두구두구
21,viewbot_a,캬
22,손놀림봐라,예아
23,발라123,GENGWIN
24,튜카,큰거온다
25,jae0459,두구구구두굳굳ㄱㄷ구ㅜ
26,kappa011757,두구두구
27,stalla12345,ㅎㅇ 마트
28,darksasasa,1
29,대용량콜라,드가자
30,유나요,큰거온다
31,인간형스르스트뢰밍,큰거 안온다
32,파란머리오목눈이,오
33,헤카림스킨내놔,ㄷ ㄷ
34,tmaxla123,작은거온다
35,nobel0617,피글렛 지지하는 슼.갈들은 개추ㅋㅋㅋㅋㅋ
36,toutape,Hey Guys t1 win all thé compétition
37,zqmpxwo,젠지화이팅
38,antimateria455,holaa quien de latam?
39,qoalswp00,큰거 온다
40,반디팬,큰거 온다
41,dalyukim,큰거온다 큰거
42,toobigpoopoo,담갈들 담기는거보러옴
43,whdvlf7130,담원가자
44,anmolyoda12,아ㅅㅅ하고싯ㅂ다
45,skskskskaks,야 밴좁 풀어줘라
46,sjkim1103,젠지이이이이이이
47,따뜻한_아아,담원 화이팅!!
48,abcddks,큰 거 온 다
49,qpskskqp123,포ㅗ
50,Ekfrxhd12,작은건데
51,erwin1174,닥쵸비지
52,지나가던사람이였던사람,젠지ㅣㅣㅣㅣㅣㅣㅣㅣ
53,uchan0127,허수 닉값하는 날일듯
54,simok03,젠지 3:0
55,ggitaek08,아 개떨려
56,whddls1225,쵸오오옹오빙
57,내가언제그랬냐,자 드가자~
58,훔쳐주세요,온다
59,에따봉,젠지 화이팅
60,E_tang_,담갈컽트
61,_지훈,큰거오나?
62,4260sungg,ㅈ밥대전 온다 ㅋㅋ
63,박지워,자 드가자~
64,aeris104,드가자
65,라면만먹고갈게,가즈아
66,Jape90,문열어
67,상전마마,닥젠 쵸비화이팅
68,abcd888888,담원이지
69,cjh051012k,젠지 ㅎㅇㅌ
70,cozyman06,제발 한번만 이겨줘라 담원!!! 결승 담티전 보고싶다!!!
71,누들___,아~ 팝콘 먹으면서 봐야지 5꽉나와라
72,2400____,이게 큰거라고 생각하는 담민이들 구몬이나 하러가라~
73,EsJeSj01,어 우 슼
74,ares8359,ㅋ
75,롹큰로를잘하고싶어요,자
76,forbiden_fruit,젠지 승
77,깨문다람쥐,큰거온다
78,엔케이1342,큰거온다
79,킹리오너라,5꽉온다ㅏㅏㅏㅏㅏㅏㅏㅏㅏㅏㅏ
80,달콤한밤,젠지 담원 >< 화이팅!!!!!!!
81,김핑핑이,어중간한거 온다!!!
82,1번뽑았습니다,담갈들 맞아야겠지? 젠지 ㅎㅇㅌ~~
83,앞안보는사람,5꽉 가즈아 아무나 이겨라
84,occeanlys,진지하게 젠지 3ㄷ0으로 본다
85,base27,응 어차피 티원이 우승이야~
86,린가두,큰거냐
87,인기_황,오늘 포인트 제대로 따간다
88,레온상,어제는 너무 잔인해서 못보겠더라
89,수출용뀰주먹,중간거 온다
90,kljr,담갈들 젠지한테 맞고 울지나 마라 ㅋㅋㅋㅋㅋㅋ
91,악뮤는최고야,어중간하게 큰거온다!!!!
92,노해나래,담민이 캇 담민이 캇 담민이 캇 담민이 캇
93,이거를볼까말까그냥봐야지,담원기아 화이팅! 버돌 캐니언 쇼메이커 덕담 켈린 힘내자
94,songjun0979,지금 담민이 분탕충 1도없는데 욕하는애들은 뭐냐? ㅋㅋ 망상으로때리는건가
95,해피해요,큰거온다ㅏㅏㅏㅏㅏㅏㅏㅏ
96,우쥬스타,젠담 멸망전 큰거오냐
97,진격해야했는데,"결승 ""전""에 젠지"
98,uh1223,뭐먹으면서 볼지 추천좀 해줘 형들
99,lckislck,난 5꽉 갈거같은데 왠지
100,다키스트방개,가자ㅏㅏ
101,출석용아이디,무 vs 무 ㅋㅋㅋㅋㅋ
102,nomchinese,큰거온다 ㄷㄷㄷㄷ
103,tkdi777,작은거 온다
104,쵸비상182,서열전 오네 ㅋㅋ
105,스치면고자,현실적으로 젠지가 압도적으로 쌘데..
106,vuddls,응애 나 애기 담민
107,wlghks6504,ㅋㅋ
108,rlaeoghks07,어따가 걸어야하지
109,yeoun211,담원이 이길것같다
110,jackpot0716,젠지가 이기지 ㅋㅋ
111,khj8719,쵸비 vs 쇼메 누가 낳냐?
112,IREbina,ㅋㅋㅋ
113,gksduf7424,ㅈㄴ게 큰거오네
114,류아엘릭,설렁탕
115,bak1007,담민들이 맞아야겠지?^^
116,harang_e_,큰거오나
117,싸싸루_,울사장 문열어!
118,민트쵸코라뗴,자~~ 드가자잇
119,꼬마사서,나 담원팬인데 이재명뽑음
120,개개도됃지지,dk에 내 사활을 건 400포인트 건다
121,geneggayo,담원 파이팅
122,원시젤리,아빠 힘내세요~
123,룰루집호놀룰루,도란이 낳음 소드가 낳음?
124,aann2007,사실상 결승전
125,dwggod,"솔직히 티원 잘하는거 인정하는데, 코로나 아니었음 전승은 못했지.. 공식 기록에서 빼야한다"
126,coco12345co,아무나 이겨라
127,06노진구,낳긴 뭘 낳노 븅진아
128,자이언트롤,ㅎㅇ
129,내뎌호,@khj8719 쵸비하고 쇼메가 무슨 애 낳냐?
130,배기범과학학원조교,어우슼 ㅋㅋ
131,너의가랑이사이에,ㅎㅇㅎㅇ
132,wndks0123,임신했다잖어
133,오리고기는맛있어,방역도 실력이지
134,hollis03,피글렛이 말했죠
135,dnrgus0691,둘다 못낳음
136,veinna999,@sktcptjack 낳긴 뭘 낳아요 ㅋㅋㅋㅋㅋ
137,dksaba2465,쵸비 vs 쇼메이커
138,삼섭이,ㅋㅋ 한국어좀 배워야할듯
139,wldieho,먹금
140,소맥좋아하는승민,대황쵸비
141,minwoo0869,@khj8719 오.....
142,rmskyre,요거 5시 시작 아닌가용?
143,스마일곰돌,젠지가 정배죠?
144,얍삽2,자 드가자
145,shined_toweyes,어그로임;
146,xitosalbe,젭라 담원 화이팅
147,ggitaek08,티원 연승기록을 왜 뺌? 어쨌든 그것도 구단 사정인건데 ㅋㅋㅋㅋ
148,03690444,둘다 못낳음
149,얼린망고스틴,젠지가 이기려나
150,해랑사도경안,ㅋㅋㅋㅋㅋ 낳
151,haruki567,가슴이 웅장해진다..
152,FIS2S2,젠지 탑 누구임
153,무인편의점봉투도둑엄준식,왜 담원이 이길거같지
154,청포도젤리,젠담이네
155,thefrlst,좀나 큰거온다..
156,tictvhtw,큰거냐?
157,서워리당,젠지가 3:1로 이겨서 5꽉도르는 안하고 패하나는 꺼내서 이겼으면 좋겠음
158,dkslanjdi88,개인 관리도 실력이다
159,함초롬체,담원이 이길듯
160,빅야드,큰거온다
161,욕심후후훗,자 멸망전 드가자~
162,귤먹는오리,큰거 온다
163,Neptune_3300,HELLO MY FELLOW KOREANS
164,으짜라고,젠지 이겨라!!!
165,ilzeusil,0.7ㅐ니언 자르반0.7세
166,색끈미시,작은키 온다
167,hongjjoony7840,짜장메이커 나오나
168,심심한하루임,잘하는 팀이 이기겠징 화이팅
169,에따봉,루울러
170,라면하나주이소,왜 8분남은걸로 뜸?
171,jakolimozine,어짜피 우승은 T1 아님?
172,UselessnessMan,큰거온다
173,sovkipe,ㄲㄲㄲㄲㄲ
174,마우저카구팔,오오
175,구관조,젠지 win?
176,깅가밍가,오늘이 우승자 결정하는 날인건가
177,컴공의비애,큰 거 왔네..
178,pjw0425gp,담민이들벌써화남?
179,rachelle0922,킹차피 우승은 티원
180,erwin1174,정배는젠지지
181,나부랭2,가슴이 웅장해진다
182,니차욘따라락,젠지랑 담원임?
183,달콤한밤,젠지가 티원한테만 진거면 ... 코로나 이슈 인정하는데 kt한테도 져가지구ㅠㅠ 할말업뜸 ..
184,limdh0117,ㅇㅇ
185,티모테,젠지 화이팅
186,손놀림봐라,3:0가즈아
187,dwggod,"솔직히 티원 잘하는거 인정하는데, 코로나 아니었음 전승은 못했지.. 공식 기록에서 빼야한다 << 순수실력으로는 젠지가 티원보다 높다"
188,단아,큰거온다
189,스치면고자,"시즌내내 젠지한테 쳐발렸는데 젠지가 정배긴하지,"
190,songjun0979,근데 어차피 티원우승인데
191,khj8719,실딱이 인생들아 형은 한달 연봉 700이다ㅋㅋㅋㅋ부럽냐?
192,youngzzin777666,3 ad estão passando fome
193,메탐페타민중독자,2등 쟁탈전 시작
194,쵸비상182,쇼메 키 진지하게 몇임?
195,lol_chungjamsuo,솔직히 저기에 쇼메말고 캐니언 넣어야한다
196,wlsrb032,2등결정전입니다~
197,헉슬리이,자 드가자
198,simok03,티원담원전 보고싶긴한데 젠지가 담원이길듯
199,레온상,준우승자 가리는 시간인가
200,zmfqkr11,155.7
201,곧추석입니다,쇼메 케리아보다 살짝 큼
202,My3136,오늘이 담민이 멸망각이라고해서 찾아왔읍니다
203,iamboy2000,쵸비 185 쇼메 159
204,이제프괴벨스,한달연봉 700 엌ㅋㄴㅋㄴㅋㅋㅋ
205,jackpot0716,젠지가 이겼음 좋겠다
206,누들___,쇼메 날라가는짤 생각나네
207,fabrimen911,chin chen hanchi
208,코코키,ㅋㅋㅋㅋㅋㅋ한달700이 아니라 연봉 700이면 한달60따리임/ ㅋㅋ
209,_튀김만두_17,쇼메 멸망의 날
210,minwoo0869,누가 이기든 좋은 경기 만들자 화이팅
211,스마일곰돌,젠지가 정배임 담원이 정배임??
212,saviors7551,헐
213,토요일좋아,젠지가 바르겠지
214,헬로우181818,담원 > 젠지
215,에렌예거밤,결국엔 티원한테 삼대떡 날 팀들인데 뭘 보세여
216,메론밀키스,젠지 화이팅!
217,함초롬체,담원이 이긴다..
218,nomchinese,대 황 슼
219,Suratrat_,한달 연봉 700은 대체 무슨 말이냐
220,wndks0123,젠지가정배지
221,무관견과담민이1557,6분!
222,rachelle0922,오늘 준결승자 결정날 ㅋ 킹차피 우승은 티원이야~
223,순응_,쇼메 한달 60따리임?
224,7해피해피7,이거 노래 제목뭔가요?
225,자연산돌미역,젠지가 이기지
226,율무주세요,젠지가 정배 아님?
227,노해나래,어 우 슼
228,whatmyname0_0,젠지 담원 다잘해서 누가이길지모르겠음
229,ggitaek08,한달연봉은 대체 뭔 말임?ㅋㅋㅋㅋㅋ능지 수준 개웃기네 ㅋㅋㅋㅋㅋㅋㅋㅋㅋㅋㅋㅋㅋㅋ
230,7년째몽정을겪고있는뽀돌이,슬로우모드 개추 ㅡㅡ
231,aann2007,사실상 결승정아니냐? 티원이 낳냐?
232,name123234,젠지 화이팅!!!!!!!
233,망고망고71,아무나 이겨라
234,찹찹고찹찹이,한달 연봉ㅋㅋㅋㅋㅋㅋㅋㅋ
235,kiss0189076,담원팬이면 개추 ㅋㅋ
236,wjdals0_0,담원ㅎㅇㅌ
237,지는꽃,쵸비없는젠지 한 단어로 설명가능
238,상급과일,한달연봉은 처녀빗치 같은거임
239,새고전학파,담원 수고했다ㅋㅋ
240,김회색,한달 연봉 ㅋㅋㅋㅋㅋㅋㅋㅋㅋㅋ
241,ngoc_dac,GEN
242,tictvhtw,치킨각이냐?
243,류이츠,용호상박 팀이네.
244,viktttorr,오늘은 볼 만하네
245,털장갑낀메시,채팅창 좀 흐리지 마라 좀
246,yyuurriiaa,자~드가자~
247,yang020202,@aann2007 뭘낳아
248,빅야드,뭔 근원이여
249,홍삼정마일드센스,각인듯
250,silersiler,오늘 담원지면 서울 폭파시킴
251,후우시딘,담원승!!
252,킹쵸비_,드가자
253,regretpass,중국어임 ?
254,thefrlst,젠지에 내 포인트 다 건다
255,세윤,세윤 subscribed with Prime. 
256,호오인_,ㅋㅋㅋ처녀빗치 이카노 ㅋㅋㅋ
257,jczkr2491,담원 그냥 우긍 확정 역체팀 세체팀
258,kikiki0810,젠지 이기겠지
259,duathl789,지금 나오는 노래 뭐야 좋자너~
260,온빛마루,온다
261,dwggod,인터넷에서 막말하는 것도 고소하면 무기징역 2년까지 가능하다
262,손놀림봐라,예? 한달 연봉이요?
263,calintz304,큰거오냐
264,pronopga,G2 win DK cút
265,tsc537797,무관행동vs유관행동
266,역체타벨린저,이게 진짜 치킨매치지 ㅋㅋㅋ
267,gimchigang,적당한거온다
268,gofud0903,^난나나난난^
269,miingreen,ㅈㄴ 기대된다
270,dlfyddn,캬
271,한국파피,지금 나오는 노래 좋네
272,치즈냄비돈까스,큰거온다
273,민트쵸코라뗴,쵸오오오오오오오오오비이이ㅣ
274,드리운푸른언덕에,문열어
275,jczkr2491,팩트) 담원 스프링 우승 하고 그랜드 슬램 예정 역체팀도 담원 세체팀도 담원 미드 정글은 압도적 1황이다
276,haru1gwa,기대가 됩니다!!
277,cozyman06,G2 WIN은 뭐야 ㅋㅋㅋㅋㅋ
278,유수풀,담원가자
279,dkdfgh5692,젠준딱
280,haruki567,GENG PLS WIN CHOKY GET SHOEMAKER GENG PLS WIN CHOKY GET SHOEMAKER
281,양산아재,그래도 쵸비는 한화 떠나서 행복롤 하고 있는거 아니냐?
282,반디팬,그 얘들은 연봉 얼마 받음?
283,iamboy2000,오늘 단군은 아니겠지 ㅋㅋㅋㅋㅋㅋ 칼퇴하면 안돼!!!!!!
284,이제프괴벨스,작은거온다 작은거~
285,ttt1go,담민이 멸망의날 ㅅㅅ
286,쵸비상182,오늘 쵸네 나온다
287,carry64,초비상!!
288,roserose4426,쵸비 화이팅 담민이들 교육 드가자
289,심심한하루임,과연 누가 이길것인가 두둥탁
290,_튀김만두_17,슬로우 모드좀 ㅈㅂ 줄여주세요 매니저님 ㅈㅂ
291,z8860986106914,你好
292,lyhoya,"""12시다 롤갤"""
293,헬로우181818,내가 팩트 알려줄게 쵸비가 쇼메보다 잘했으면 우승했음 ㅇㅇ
294,스마일곰돌,롤드컵 1회 우승팀보고 역체팀이러는거 역겹
295,lol_chungjamsuo,쇼메이커냐 트롤메이커냐 그것이문제로다
296,duathl789,노래 알려줭
297,KickurAss7,큰거온다 존나큰거
298,깨문다람쥐,담원이 3대0으로 바른다
299,jczkr2491,팩트) 담원 우승 확정
300,gimchigang,젠지지면 해체해야지
301,asuka1031,오늘 실버크랩스 나오냐 얘들아
302,얄탁꾸리,이거크냐
303,달콤한밤,쵸오오오오오오오오오네에에에에에에에
304,헉슬리이,우승팀 결정전 ㄷㄷ
305,쵸비상182,트롤메이커 ㄴㄴ 버스메이커
306,웨더1,gd
307,단아,쵸비가 잘함? 쇼메가 잘함?
308,에디선생님,큰거온다
309,_튀김만두_17,감사합니다!
310,roserose4426,@헬로우181818 팩트 세컨드 미드 쵸비 서드 미드 쇼메이커
311,김회색,팩트) T1 우승임...
312,7년째몽정을겪고있는뽀돌이,슬로우모드 개짜증
313,ㄹㅏㅇㅣ언,팩트) 캐니언2인분하면 담원이이김
314,호몽매,담민이들 치워줘요
315,하늘을등진꽃,아무나 이겨라 이기는팀 우리팀
316,에따봉,닥쵸비
317,ggitaek08,근데 20담원은 역체팀이라 할만한거 아닌가
318,만욱킴,5시 정각이죠 ??
319,반디팬,와 담원이랑 t1 만나냐
320,geneggayo,누가 올라와도 티원 상대 안됌
321,happyvelkoz,쵸오오오오오오오비이이ㅣㅣㅣㅣㅣ
322,스마일곰돌,2등 결정전이누 ㅋㅋ
323,gudwn5729,캐니언과 아이들보단 젠지지ㅋㅋㅋ
324,은하제일검,부대찌개면 ㅅㅌㅊ냐?
325,CoyoteBen,LCK Supremacy
326,상급과일,크 쵸비 쇼메이커 가슴이웅장해진다
327,김선후후후시딘,쵸비쵸비
328,얄탁꾸리,이거 큰거임??ㄷㄷ;
329,네옥스,큰거오냐 ?
330,groundworld1,팩트) 이미 젠지 2군 오펠리아한테도 털림
331,khan0411,담원에 느구리가 없으니
332,dwggod,티원은 코로나 아니었음 진짜 어쩔뻔했냐... 티원팬들은 중국쪽으로 하루에 한번 절해라
333,악_어_새,젠지가 이긴다
334,ㄹㅏㅇㅣ언,큰거임
335,반디팬,라이벌 메치전이네
336,_갓낭콩,캐니언 vs 젠지
337,블랑이다,근데 사실 담갈들아 너희도 알지? 젠지가 이기는거 ㅋㅋㅋ
338,ekadnjsdntmd,담웡 보여줘
339,roserose4426,@ggitaek08 T1 역체팀인거 무시하면서 20담원 넣어달라는건 억지지 ㅋㅋㅋ
340,헉슬리이,캐니언 3인분해야 이기긴할듯 ㄹㅇㅋㅋ
341,스마일천사,큰거 오냐?
342,재현3920,큰거온다
343,thefrlst,젠지가 이기던 담원이 이기던 제발 결승에서 티원 짓밟고 우승해라 제발
344,aann2007,한달연봉 700만원 받는게 낳냐 포기하고 무기징역 2년가고 10억 받는게 낳냐
345,SKTgalDosal,누가이김
346,sleepwantsme,큰 거 온 다
347,abcddks,큰 거 오 냐 ?
348,minwoo0869,오늘은 해설진이 플레이메이커를 외칠것인가 쵸오오오비를 외칠것인가
349,vuddls,님들아 누가 이김?
350,순응_,@jczkr2491 담민이 검거 ㄹㅇ 팩트는 0.7k 딜량이지ㅋㅋㅋㅋㅋ
351,함초롬체,담원이 이길거같은데
352,khj8719,쵸비 vs 쇼메 vs 페이커 이 셋중에 가장 낳은 미드 누구죠?
353,sagria04,큰거온다 ㄷㄷㄷㄷㄷㄷㄷ
354,OyoSung,큰거온다
355,한국파피,롤이든 뭐든 채팅은 기본적으로 꺼야되나보다
356,_튀김만두_17,님들 티원 구찌 스폰 들어온거 암?
357,월다_,담민이 멸망의 날
358,유니크빵,쇼메가ㅠ살아났으면
359,수출용뀰주먹,노쇼메이커
360,experience538,20담원도 물로켓이지 ㄹㅇㅋㅋ
361,금빛인장,내가이김
362,무알콜사이다,ㅋㅋ
363,ggitaek08,티원 역체팀인거 인정함 ㅋㅋㅋ 작년까지 위상이 덜 나와서 그렇지
364,헨즈2,쇼메이커 화이팅!!
365,쵸비상182,애초에 원딜에서부터 차이가 날껀데 16대3이야 얘들아 ㅋㅋ
366,얄탁꾸리,ㄷㄷ 2대미드 결정전 ㄷ;;
367,ㄹㅏㅇㅣ언,젠지가 유리한데 담원 쇼메 각성하면 담원이 이길수도?
368,감귤찬,쵸비상!!
369,simok03,미드원탑은 페이커뿐이다.
370,CoyoteBen,Si les toca un equipo latino en fase de grupos dejenlo ganar u.u
371,에따봉,3등이...  말대꾸?
372,yang020202,한달연봉은 자꾸 뭔 빡대가리임
373,지존짭세,속보:담원 너구리 재계약
374,wjdthdgml3,울 허수 화이팅
375,이방원의철퇴축구,국대미드 결정전 시작합니다
376,손놀림봐라,💩  거 오 나
377,cotjd5648,담민이들 오늘 오열각이노 ㅋㅋㅋ
378,palmstearin,^무^
379,sagria04,쇼메 쵸비 ㄷㄷㄷㄷㄷㄷ
380,지온02,담원 젠지2군한테 발렸자나
381,고구말랭이유시,와 이건진짜 레전드매치다
382,레고를밟았네,5꽉 가나???
383,삼육플러스,캐니언 버스도 못받는 쇼메를 아직도 믿냐?
384,kdbestsf,큰거온다
385,calintz304,?
386,이제프괴벨스,아브실들 열심히 채팅창에서 토론중ㅋㅋㅋㅋㅋㅋㅋㅋㅋ
387,dwggod,"20 담원은 진짜 압도적인 느낌이 있었는데, 이번 티원은 좀 운이 따라준다는 느낌이 강했음.. 이건 관련자들도 인정함"
388,yomadayo,쇼메 제이스 오또케 제이스 딜각보단 자기 생존각 먼저보는 오또케 미드
389,kys000506,광고 존나게 올라오네
390,gkqrur100,겜언제함
391,김선후후후시딘,젠지가즈아ㅏㅏㅏ
392,우민2,헐 머임 티원 우승했나요??
393,roserose4426,@이제프괴벨스 ㅋㅋㅋㅋㅋㅋㅋㅋㅋㅋㅋㅋㅋㅋㅋㅋ
394,달콤한밤,오늘 승부의신 예측 어떻게 나올지 기대된다>< 젠지가 많을까 담원이 많을까
395,experience538,lck 3대 미드 페쵸라 아차차~ 빅라까지
396,변신신발,허~접대전이 꿀잼이지 ㅋㅋ
397,sleepwantsme,캐니언이 양민팀 상대로 압도적인건 맞는데 피넛이 비슷하게 맞춰준다고 치면 이제 다른라인에서 차이가 나는거지
398,신여안,zz
399,한국파피,3등이라도 잘한거는 맞지
400,phsphsphs209,닥젠지
401,_튀김만두_17,빛돌 눈나가 젠지에다가 투표함 lck 승부예측 ㅅㄱ
402,헉슬리이,쵸비 dog같이 우승하는거 딱 한번 보고 싶긴 해 ㄹㅇㅋㅋ
403,vkdnj0515,아브실 ㅋㅋㅋㅋ 골드인증 ㅋㅋㅋㅋ
404,황당이,게임 언제함?
405,vuddls,페이커가 낯냐 쵸비가 낱냐 쇼메이커가 낳냐?
406,ㄹㅏㅇㅣ언,어제 치킨 시켰다가 다리 2개 먹고 경기 끝났는데 오늘은 5꽉가나
407,abcd888888,담원 승4
408,ggitaek08,쇼메 라인전 찍어누르는 픽 했으면
409,왕만두조아,사실실 담원 우승 확정인 수준이라...
410,윤림_,자 드가자
411,choiwill,작은거 온다
412,Surrender_Coach,쵸비 ^무^에서 ^무^
413,재현3920,젠지가 이김
414,단아,덕켈이 룰러 버틸수있나?
415,89111313,큰거온다
416,스마일곰돌,20담원은 빈집 물로켓이지ㅋㄱ
417,green5612,플레이 메이킹 메이커
418,fatgrape12,큰거온다
419,roserose4426,@vkdnj0515 얘는 브론즈네 ㅋㅋㅋㅋㅋㅋㅋㅋㅋㅋㅋㅋㅋ
420,7년째몽정을겪고있는뽀돌이,쵸비실력에 무슨 우승이냐 ㅋㅋ
421,khj8719,여기있는 애들 한달연봉 200따리아니냐? 불쌍해ㅋㅋㅋㅋㅋ ㅠㅠ
422,행복하고싶네요,우승 확정은 무슨 ㅋㅋ
423,dwggod,"20 담원은 진짜 압도적인 느낌이 있었는데, 이번 티원은 좀 운이 따라준다는 느낌이 강했음.. 이건 관련자들도 인정함 페이커도 인정했고"
424,새고전학파,캬
425,어둑신,담민이들 오열 예정
426,몽똥이,담원 우승확정이라고? 앜ㅋㅋㅋㅋㅋㅋㅋㅋㅋㅋㅋㅋㅋㅋㅋ
427,반디팬,붕어빵 사세요
428,kabeza006,holi
429,rlaqudwns1425,쵸오오오오오오오비
430,isangeon123,진짜. 쵸비가 결승에서 훌쩍훌쩍미드 훌쩍훌쩍하게만들어야지
431,cotjd5648,담민이들 오늘3등하는거보고 풀발하것노ㅋㅋㅋ
432,온빛마루,솔직히 누가 이길지 확신 못하겠다
433,변격동사,어제는진짜 치킨 왔는데 반도 못먹고 끝남
434,sagria04,쵸비 ㅎㅇㅌ
435,쵸비상182,담원 우승 확정 ㅇㅈㄹ ㅈ돌에 0.7ㅐ니언 난쟁이
436,thefrlst,롤 경력 25년차인 내가 볼땐 젠지가 우승이다
437,minwoo0869,과연 어느팀 탑이 똥을 쌀것인가
438,ㄹㅏㅇㅣ언,20담원은 탑이 너구리였잖아
439,palmstearin,0.7ㅐ니언
440,지존짭세,담원은 너구리빨이였지 쇼매팬들아
441,fprince98,오늘 담원 해체전인가요??
442,_튀김만두_17,페이커는 한달 연봉 천만원 넘는다던데
443,주의붓,젠지가 무난하게 이길 것 같은데
444,sleepwantsme,사실 바텀 미드 정글 다 그냥 플레이에따라서 차이 조금 날 수는 있지만 거의 비슷하다고보고 오늘 차이는 탑에서 날 거 같음
445,빌리그레이엄,오늘 재미있겠다ㅏㅏㅏㅏㅏㅏㅏㅏㅏ
446,생각없이사는사람,담원우승 확정인세계는 도대체 어디냐
447,moriya0,쇼메가 쵸비를 라인전에서 누른다고 ㅋㅋㅋㅋㅋㅋㅋㅋㅋㅋㅋㅋㅋㅋ 올해들은 말중 제일 웃기네
448,sackmms,오늘은 ㄹㅇ 치킨각
449,박지워,자 드개재~~
450,dkdfgh5692,아이언이나브론즈나실버나골드나플레나 거기서 거기다
451,아르토리아크,어처피 우승은 젠지임;
452,헉슬리이,무관행동 춰비 ㅎㅇㅌ
453,왕만두조아,딱봐도 담원이 3대 0으로 이길거 같은데
454,노믹스위애비,담기많응!!!
455,Surrender_Coach,20담원은 걍 물로켓임 ㅇㅇ
456,레몬맛카페인,아 치킨먹고싶다
457,tomc9,20 땐 쇼매도 지렸지
458,cotjd5648,담민이들 버스도못타면서 뭘 하겠단거지ㅋㅋㅋ
459,My3136,담민이 멸망각이라면ㅅ리요?
460,아아안ㅇㄻㄴㅇㄻㄴㅇㄹ,무관vs난쟁이
461,우헤헤헤_,ㅎㅇㅌ
462,goaheadwj,자 드가자
463,행복하고싶네요,젠지가 이기면 담민이들 빼에엑 거리는거 볼만하겠네
464,에따봉,솔직히 담원 20년도 한번 번쩍했다고 자부심가지는거 역겹네 ㄹㅇ
465,재현3920,ㄷㄱㅈ
466,MILINAE88,???: 서로 죽여라
467,순응_,@dwggod 뭔 말같지도 않은소리 하고있어ㅋㅋㅋㅋ 관계자 누구?? 말해봐 관계자 누구임ㅋㅋ 하는소리 ㄹㅇ 담민이같은소리하네
468,roserose4426,@dwggod 억까도 제대로 잘 한다 모든 우승 팀 팀원들이 운이 따라줬다고 말하는데 ㅋㅋㅋㅋㅋㅋㅋㅋㅋ
469,showmaker_kkens_chovy,담원기아 파이팅!!!
470,어둑신,이겨도 무관이니까 오늘은 쵸비가 이김
471,chukbogi1,쵸비가 다 팬다 담웜들아
472,myjgh1231,아 젠담전 감정이입 안하고 팝콘뜯을생각하니까 벌써 즐겁노 ㅋㅋㅋ
473,qopals,오늘 젠지한테 지면 쵸비까던애들 결승때 개빨는거 사실?!ㅋㅋㅋㅋㅋ
474,카롱단_조하영,우승확정은 무슨 담원은 무적함대 젠지나 이기고 와... 티젠이랑 다른 팀들이랑 수준이 다른데 무슨
475,회색나비,코로나 걸린 팀 상대로 2패배 ㅋㅋ
476,lilililillllliiiiiii,담민이vs대꼐맥 ㅋㅋㅋㅋㅋㅋ
477,CoyoteBen,Puro pinche GEN
478,월다_,담원이 빈집털이만 잘했어도 2등이였을텐데 ㅠㅠ
479,diana_ipaz,GENG OR DK???)
480,sagria04,20담원은 까지말지..
481,송이버섯섯,ㅋ
482,쵸비상182,응 20담원 15skt한테 ㅈ발리죠
483,hunseo3495,자 드가자~
484,왕만두조아,현 세체미는 아직까진 쇼메지 아직 롤드컵 최근 우승자가 쇼메니까
485,헬로우181818,20담원때는 22젠지 21티원이 2등이 아닌 20 DRX가 2등
486,geoleo99,faker
487,zxas667,담원기아 우승하자!!
488,zmfqkr11,담민이들 멸망으 ㅣ시간 ㅋㅋㅋㅋㅋㅋ
489,김페민,딱봐도 젠지가 이김
490,아르토리아크,물로켓충들끼리 뭘 싸우냐 그냥 든든하게 상위권 유지하는 젠지가 갑이지
491,ggitaek08,ㅋㅋㅋㅋㅋㅋㅋㅋㅋㅋㅋㅋㅋㅋ아 롤갤러들 마인드 좀 무섭다
492,우맨123,걍 5꽉만 했으면 좋겠다
493,ㄹㅏㅇㅣ언,그리고 20년도에는 신드라가좋았음 그래서 지금 쇼메가 아무것도 못하는거임
494,뭐하라구여,'무관'중 역체미 vs '무관중' 역체미 ㄷㄷㄷ
495,tomc9,슼이긴 한데 인정은 해라 롤드컵도 우승했었는데 뭘 물로켓이여
496,Surrender_Coach,20담원은 걍 물로켓임 ㅇㅇ
497,pakasup,20 담원은 22 슼급 아니었나? 전승은 아니어도 거의 모든 경기 2대0내고
498,tictvhtw,둘 중 어디가 역배야??? DK가 역배인가??
499,창바람,젠지 이기는 날인가
500,sspn2,근데 22티원이랑 20담원이 한 시즌에 있었으면 개 웅장하긴 했을듯
501,방뱅뱅,젠지 3:0 화이팅
502,탐관오리손,작은것들 온다
503,메탐페타민중독자,쇼메가 0인분만 해도 이길텐데... 오늘도 늘 그렇듯 -3인분쯤 하고 질 듯 ㅋㅋ
504,어둑신,결승전 아니라서 젠지가 이김
505,지존짭세,2020년은 너구리빨이라고 쇼매팬들씨 ㅋㅋ
506,showmaker_kkens_chovy,담원기아 파이팅!!!!!!
507,함초롬체,대황담원 젠첩들 오늘 주제파악좀 시켜줘라
508,roserose4426,원래 우승에는 항상 운도 따라줬다고 다들 그래 이번 티원만 그런줄 아누 ㅋㅋㅋㅋㅋㅋㅋㅋㅋㅋㅋㅋㅋㅋㅋㅋㅋㅋㅋㅋㅋ
509,moriya0,담민이들은 양소인 허리돌림에 반한건가 ???
510,삼육플러스,걍 담민이들은 양심이 없음 롤드컵하나 먹었다고 역체드립 떨더니 현실은 ㅠㅠ
511,누들___,바텀 미드는 젠지고 정글 탑은 담원이 유리함?
512,수출용뀰주먹,수빈누나 젠지옷 입었으려나
513,sleepwantsme,초반에는 좀 치열하게 하다가 후반에 운영싸움가면 젠지가 좀더 유리하다고 봅니다
514,평화로운가이드,누가 이기든 5꽉 가즈아
515,지는꽃,티>=?젠>>>>>>>>>>>>나머지
516,terry__000,멸망 가즈아 ㅋㅋㅋㅋ
517,무관견과담민이1557,담민이들아 오늘이 마지막이다 즐겨~ 한잔해~
518,qopals,오늘 쵸비 까던 친구들 결승때 쵸비 광팬 되어있음 ㅋㅋㅋㅋ
519,showmaker_kkens_chovy,담원기아 파이팅!
520,lbs0620,담민이 처형식 드가자~~~
521,rlawlsdh123,어차피 티원 우승임 ㅋㅋㅋㅋ
522,hunseo3495,ㅋㅋ 현새채미는 쇼매지 이러고 있노
523,매우정상적,젠지를 너무 ㅈ으로보는거아니냐 ㅋㅋㅋㅋㅋㅋㅋㅋㅋㅋㅋ
524,experience538,아슼씨!!!!!
525,ttt1go,20담원도 ㄹㅇ 빈집 물로켓 ㅠ
526,발라123,GENGWIN! DKWIN! 아무나 이겨라!
527,choiwill,젠지가 이길듯 ㅋㅋ
528,쵸비상182,챔피언 빨 ㅇㄹㅁ
529,킠킠ㅋ,LCK화이팅!
530,showmaker_kkens_chovy,담원기아 파이팅
531,만신김성모,큰거 온다
532,JohnNaksaing,큰거온다
533,hkdram,20담원 -> 15161722T1에게 떡실신
534,zmfqkr11,20담원 (물로켓) 22스프링 우승자(현체미)
535,왕만두조아,어차피 우승은 담원기아 <<< 님들 이 말 모르세요? 롤판 진리인데
536,chanho0179,입갤
537,angksehwjs08,담원기아가 이기지 ㅋㅋㅋㅋ
538,노믹스위애비,담원기아 결승가보자!!! 젠지랑 좋은 경기력 보여주자 가보장
539,지온02,오늘 오펠리아 나옴? 쇼매 잘 패던데
540,showmaker_kkens_chovy,담원기아 파이팅!!!
541,애플맹고애플,젠지가 이겨라~
542,박지워,야스요
543,kidcome,ㅋㅋㅋ 물로켓으로 조리 돌림 하다가 이제는 지들이 무로켓에 오히려 당하네
544,구운고구마감자,팩트) 담원의 1군 미드는 현재 코로나에 걸려서 2군 쇼메가 계속 나오는중이다
545,쪼ㅋ,응 작년에 탑빨이었어
546,h33720_,세체미는 스카웃이지
547,곰탱이밤탱이,솔직히 젠지가 이길 것 같다. 안그러냐
548,한잔을하지,큰거온다
549,ggitaek08,DKWIN
550,holycys,저 두 팀 중에 한 팀은 떨어지는 겨?
551,재현3920,큰거온다
552,에따봉,팩트)  월즈우승 티원 3  젠지 2  담원 1  ㄹㅇㅋㅋ
553,창바람,젠지가 이기지 않으려나?
554,Surrender_Coach,20담원은 걍 물로켓임 ㅇㅇ
555,dltkdcjs3124,ㄹㅇ 큰거 온다 개잼있겠다
556,탐관오리손,작으것들 온다
557,오전과오후,광고 몇개를 보내노
558,chodudtjr,담민이들 희망갖지마라
559,cotjd5648,담민이들 빈집털어먹기도못하죠?담민이들 빈집털어먹기도못하죠?민이들 빈집털어먹기도못하죠?
560,ljr60205,뭐가 큰게 와 담원이 ㅈ만도 못한데
561,dwggod,"20 담원은 진짜 압도적인 느낌이 있었는데, 이번 티원은 좀 운이 따라준다는 느낌이 강했음.. 이건 관련자들도 인정하고 페이커도 인터뷰로 그랬는데, 왜 니들만 인정을 못해"
562,부농해,가자아~
563,tomc9,젠지 완전체 vs t1 기대되긴해
564,lbs0620,담민이 처형식 드가자~~~~~~~~~~~
565,화쑤분,젠지 또 bj 불러다가 사옥 촬영하고 앉았더라?ㅋㅋㅋㅋㅋㅋ 또 코로나 걸릴라고 ㅋㅋㅋㅋ결승때 코로나 핑계대려고
566,쏘나티네,젠지 가자~
567,아름이_,가자가자
568,peachh100,가즈아
569,groundworld1,진짜 딱 팩트로만 말해줌 티>>>젠>>>담 오케이?
570,깨문다람쥐,어짜피 담원이 이겨
571,카사다,드가자
572,eden12012,자 드가자~
573,hunseo3495,자 드가자~
574,nguyenlehuyh,GenG 3-2 DK
575,myjgh1231,담민이 vs 젠첩 승자는? ㅋㅋㅋㅋㅋㅋㅋ 주제부터 즐겁노 ㅋㅋㅋㅋㅋ
576,하아얀바람,"하아얀바람 subscribed with Prime. They've subscribed for 2 months, currently on a 1 month streak! "
577,지는꽃,드걔쟤~
578,diber456,졸린거 온다
579,My3136,어중간한거온다
580,zmfqkr11,22 티원 >>>>>> 20담원 (물로켓)
581,tjsanf1992,자 드가자
582,럃쁋될롫,큰거온다
583,kdsevin,ㄱㅈㅇ
584,큰거온다1,큰거온다
585,갸미쨔응,젠지가 정배지..
586,kimjs4063,자 드가자~
587,frozen506,ㅈㄴ큰거온다~~!
588,yomadayo,작은놈 + 큰거 온다!
589,상급과일,쵸키는 누구냐
590,yh3lee,ㄱㄱㄱ
591,아웨일,왜케 처 까고 있어 슼빠들
592,김회색,드가자ㅏㅏㅏ
593,이것만보고끌게요,꿀잼 경기 가즈아
594,둠_칫,드가자~
595,dosaa7,사 이키마쇼
596,ㄹㅏㅇㅣ언,눈나
597,tictvhtw,?
598,용구보스,담민이들 또 황제슼한테 열등감느껴서 부들대누
599,sd020517,?
600,왕만두조아,어 슼갈들아 딱기다려 담원이 결승에서 개패줄테니까 ^^
601,김꼬봉,와ㅏㅏㅏㅏㅏ누나
602,basic942,양 팀 다 힘내라 명경기 가즈아ㅏㅏㅏㅏ
603,choiwill,중간꺼 들어가자
604,린가두,눈나ㅏㅏㅏ
605,함초롬체,누가 올라가든 결승은 t1이 이기기때문에 담원이 이기면 좋겠다
606,백두의냥냥펀치,ㅇㄱㅇ~ 드가자!!!!!!
607,nomchinese,수빈누나ㅏㅏㅏㅏㅏㅏㅏㅏㅏㅏㅏ
608,ggyacoq,COLOMBIA
609,노믹스위애비,담기많응
610,오만원준,적당한거 온다~
611,헬로우181818,수빈이가 담원 뽑음 ㅈㅈ
612,ㄹㅇㄹㅇㅈ,눈나ㅏㅏㅏㅏㅏㅏㅏㅏㅏㅏㅏㅏㅏ
613,1번뽑았습니다,문열어 젠지 올인박게
614,조선판다,눈나~~~~~~
615,인천똥꼬쇼메이커,ㅋㅋㅋㅋ
616,xitosalbe,드가자
617,김ㅅㅓ준,안냐세용
618,어쭤롸고요,눈나
619,베루즈,ㅈ밥대전 진짜 예측이 안대네
620,원시젤리,눈나ㅏㅏㅏㅏㅏㅏ
621,윤수빈팬,허걱 윤수빈!!!
622,risc5,GGA!
623,Surrender_Coach,20담원은 걍 물로켓임 ㅇㅇ
624,megatrone54,젠리오스
625,달의어금니,헬-하
626,수출용뀰주먹,담수빈이네
627,창바람,담원 멸망의 날
628,곰탱이밤탱이,누나ㅏㅏㅏㅏㅏㅏㅏㅏㅏㅏ
629,에델_9,와 너무 이뻐서 깜짝 놀랫네
630,a330542,눈나ㅏㅏ
631,라면만먹고갈게,큰거 오나?
632,roserose4426,팩트) 역체팀은 SKT T1이랑 삼성 화이트지
633,qopals,ㅋㅋㅋㅋㅋㅋㅋ
634,pjw0425gp,눈나
635,순응_,담민이 멸망의날이네ㅋㅋㅋㅋㅋ 즐겨 그냥 어차피 응원할 날도 오늘까짘ㅋㅋㅋㅋ
636,wndks0123,개이쁘다
637,양꼬치꿔바로우,아 경기 언제 해
638,dltkdcjs3124,눈나가 왔네 ㅋㅋㅋ
639,복숭아아메리카노,동진게이야 ㅋㅋ
640,평화로운가이드,?
641,재현3920,눈나!!!!
642,바닷게,아 왜 헬리오스가 젠지내
643,tomc9,운으로 전승 우승을 노리냐 ㅋㅋㅋㅋㅋㅋㅋㅋ 담민이들
644,iamboy2000,뭐야뭐야 예쁜사랑 하세요
645,옥자할매유모차도둑김찬호,응 눈나 담원 옷 입고나왔음~ 수고~~
646,카롱단_조하영,담원은 우승할 거면 너구리라도 영입해라
647,bbqdj,헬리오스가 젠지 입었네 담원 승
648,매운닭칼국수,헬리오스는 다음시즌엔 못보겠다
649,pop1xbet,gen won?
650,sleepwantsme,눈이 무섭다..
651,암향매화검,광고 존내많네
652,kkoook2,끝났다..수빈누나 담원 옷입었다
653,진존게못,큰거 온다 젠지 담원
654,룩삼룩삼룩삼,근원 기아 ㅋㅋ
655,tlsql623,담원 유니폼 구데기인줄 알았는데 아니었노
656,zmfqkr11,담민이 눈나....
657,chukbogi1,윤수빈이 어깨가 더 넓어보이냐
658,cotjd5648,담민이 오늘 오멸하는날~
659,micgrr,진행 더럽게 못하는 윤씨네
660,지존짭세,응 어쳐피 담원이 우승이야~~  그빈집 돌발행동혁 느그혁은 우승못하고 즙짤예정 ㅋㅋ
661,hahahahahahahaha_18,수빈누나가 담기옷입음 담기 승
662,월다_,젠지 부정탔다
663,sagria04,담원 승!
664,김회색,젠지 러버 ㅋㅋㅋㅋㅋㅋㅋㅋㅋㅋㅋㅋㅋㅋㅋㅋㅋㅋㅋㅋㅋㅋㅋㅋㅋㅋ
665,totorl13,얼굴이 작은거냐 눈이 큰거냐 눈 엄청 크네
666,fabrimen911,wwwwwwwwwwwwww
667,tictvhtw,나만 갑자기 시작했나
668,1nana2017,눈나!
669,jpopstar,^무^관 vs ^무관^중 ㅋㅋㅋㅋㅋㅋ
670,갤럭시버드,체급이 강해?
671,메론밀키스,머리 소멸하시겠네 ㄷㄷ
672,벌곰,드가자
673,헬로우181818,체급의 젠지 < KT
674,Suratrat_,@dwggod 그 운좋은 티원한테 완전체로도 두번 졌잖아 ㅋㅋ 왜캐 말이 많아
675,뭐하라구여,가난한 정글의 상징 ㄷㄷ;
676,strawberrybl0ss0m,젠지가 정배 아님?
677,빠나나썅,ㅇㄴㅅㅅ
678,왕만두조아,'어차피 우승은 담원기아' 그미드팬들 겁나서 ㅂㄷㅂㄷ ㅋㅋㅋㅋㅋㅋㅋㅋㅋ
679,benedict05,담원 멸망의 날
680,benedict05,ㅋㅋ
681,까불이486,이또한 넛신의 뜻이시죠
682,qopals,수빈눈나는 머든 잘어울림!!!
683,깨문다람쥐,오펠리아 없어서 젠지 진다
684,frozen506,5꽉수빈이네 ㅋㅋ
685,고정딜,ㅇㅅㄴㅅ
686,블루밍_1209,ㅇㅅㄴㅅ
687,benedict05,정배는 젠지가 맞음
688,this1499,젠지2군한태 털리는데 뭘 담원이 이기노ㅋㅋㄹㅃㅃ
689,지는꽃,ㅇㅅㄴㅅ
690,illlilililililil,ㅇㅅㄴㅅ
691,nomchinese,ㅇㅅㄴㅅ
692,chukbogi1,윤수빈이 어깨가 더 넓어보이노
693,kkoook2,자 친구들..클린 채팅 ㄱㄱ
694,세계귤도,@ggitaek08 ㅇㅈ
695,변격동사,역시넛신
696,재현3920,경기 ㅃㄹ 들어가
697,너의가랑이사이에,고우시네
698,nrew94,ㅇㅅㄴㅅ
699,에따봉,ㅇㅅㄴㅅ
700,그대로사망,눈 겁나크네
701,nuguri_fan03,먹방계 꿈나무ㅋㅋ
702,창바람,담원 멸망의 날임 그냥
703,만신김성모,쵸준하ㅋㅋㅋ
704,tictvhtw,퍄 빨려
705,함초롬체,담원이 오늘 젠첩들 참교육좀 시켜줘라 ㄹㅇ
706,얄탁꾸리,피넛원맨팀 ㄷㄷ;
707,rlaqudwns1425,ㅇㅅㄴㅅ
708,calintz304,그 말인 즉슨 클러치 플레이는 못한다는거네
709,1번뽑았습니다,담민이들아 젠지가 무조권이긴다고 ㅋㅋ
710,MILINAE88,오늘 해설에 강퀴있습니다 5꽉임
711,korean_korea,빨려? ㅎㄷㄷㄷ
712,dlfyddn,시청자 수 왜이럼
713,왕만두조아,걍 담원이 젠지 개떡바름 다전제 상대전적 보면 답 나와요
714,ggihgf0,쇼매가 쵸비바른다고 선전포고함
715,우맨123,짱 왕 호
716,천연사이다,나도 빨리고싶다
717,야참부,드가자~~~~~~~~~~~
718,dgw1914,담원 공개 처형
719,palmstearin,역대최고의정글러 ^0.7ㅐ니언^
720,아르토리아크,물로켓충들 ㅋㅋㅋ
721,dwggod,아니 누가 티원 못한데? 잘하는데 코로나빨 탔다는거잖아 이것도 인정안해?
722,지는꽃,넛신은 이번경기 이기면 최소 우승이잖아 ㅋㅋ
723,groundworld1,넛신 >>>> 0.7ㅐ니언
724,무과금시청자임,어차피 우승은 담원인데;;;
725,누들___,뭐야 쵸비 없는데 가지고 놀았네
726,showmaker_kkens_chovy,담원기아 파이팅!!!
727,용구보스,결승때는 젠지랑 붙어야지 수준딸리게 담민이랗 어떻게붙누
728,nomchinese,ㅇㅅㄴㅅ
729,zmfqkr11,오너>>> 피넛 >>>> 캐니언
730,sagria04,담원 발리는데?
731,rlaqudwns1425,ㅇㅅㄴㅅ
732,은작화,ㅇㅅㄴㅅ
733,strawberrybl0ss0m,ㅇㅅㄴㅅ
734,hajjoo,시작햇는데 광고모야 생각업
735,창바람,코로나 빨 ㅇㅈㄹ ㅋㅋㅋ
736,비에고_,ㅇㅅㄴㅅ
737,shrnfl523,큰거온다
738,TearJaeMyung,슼갈들 오늘 경기도 아닌데 왜 화남?
739,4260sungg,그들만의 역체정 ㅋㅋㅋㅋㅋㅋㅋㅋㅋ
740,무지렁이먹는수달,윤수빈 ㄹㅇ이쁘네
741,tomc9,없다고 볼순 없긴해
742,얄탁꾸리,0옵션이 피넛은 맞는듯
743,왕만두조아,어차피 우승은 담원 기아임
744,pjw0425gp,@dwggod 왜담원은 코로나빨로도 3위임?ㅋㅋ
745,korean_korea,"윤수빈님이 담원 입었네, 담원 승"
746,게임프랜드,어차피 우승은 티원인데 발악하냐
747,베루즈,7ㅐ니언 ㅋㅋㅋㅋㅋㅋ
748,kshj5940,@dwggod 응 느그팀은 빈집털이도 못해 ~
749,에따봉,@dwggod 그냥 좀 ㄷㅊ라 살인충동드니까
750,찬지,음흉한 젠첩들.. 캐니언을 까네
751,khc2479,팩트:다른팀도 코로나로 이득봄ㅇㅇ
752,lsrrokmv,오너는 빼라 ㅋㅋㅋㅋ
753,곰탱탱,원딜은 룰러가 잘하지
754,silersiler,그래봤자 퍼스트는 바뀌지않아ㅋㅋ
755,헬로우181818,앗
756,peachh100,ㅋㅋㄲㅋ
757,c4rlos132,fuerza Gen.G
758,아르토리아크,돌 발 행 동
759,노믹스위애비,캐년!!!!
760,카롱단_조하영,그 코로나빨티원에게 전패당한 담원이 말이 많아
761,파덕_______,광고 ;;
762,빠나나썅,빨아 ㅎㄷㄷㄷ
763,한국파피,담원팬이지만 T1읏 인정해야함 ㅇㅈㅇㅈ 개잘함
764,별수호자씹섭,기쁘루미
765,limdh0117,젠지가 이길듯
766,텐타눌,ㅋㅋㅋ 상대가 코로나 걸리면 티원 실력이 올라가나??? ㅋㅋㅋ
767,허니챈,누구임?
768,romekings,패메이커 ㄷㄷ
769,wmfrpavkt,먼 광고만 40개여
770,TearJaeMyung,슼갈들 남의 팀 경기에 화 잔뜩내노 ㅋㅋㅋㅋㅋㅋㅋ
771,aann2007,룰러가 낳냐 덕담이 낳냐?
772,포베야,헉
773,창바람,젠지 ㅎㅇㅌ
774,무지렁이먹는수달,싸우지마 애들아 제발
775,왕만두조아,슼갈들 지난 2년간 PTSD ON!! 응 어차피 우승은 담원기아
776,minjoon414,룰러 잘한다
777,k87130,요즘 LCK 왤케 빠는걸 좋아해
778,치즈티즈,오늘이 담원 탈락하는 날인가용?
779,오전과오후,어니 광고
780,My3136,노틸잘못인데 룰러가잘했다?ㅋㅋㅋ
781,킹건부,아
782,sjhh0858,담민이들 대떡당하고 젠첩가면 쓸 예졍
783,1번뽑았습니다,룰버지 ㄷㄷ
784,함초롬체,음흉젠첩은 담원이 참교육한다 ㄹㅇ
785,hsk0528,젠지 가즈아
786,pronopga,GEN win DK cút
787,ㄹㅇㄹㅇㅈ,수빈아나운서 진짜 이쁘다
788,네옥스,ㅋㅋ
789,헤에운,티원 화이팅
790,얍플랭크,걍 ㅈ밥대전
791,한포크,그래도 젠지가 정배 아닌가
792,순응_,팩트: 담원 이길때마다 피오지 캐니언=캐니언 말고는 사람이없다=캐니언 버스기사 4인 승객팀=별거없는팀
793,kimwinter222,아이고난
794,태어난_김에_사는_사람,젠지 가즈아
795,천랑성운,탑서폿
796,bch7005,눈나ㅏㅏㅏㅏㅏ
797,minwoo0869,@카롱단_조하영 담원은 정글 제외 2군이라고 하네요 ㅋㅋ
798,rhw5289_,우아아악!! 쎠뭬이꺼의뮈친쁠레이뭬이낑뭬이꺼어!!!!
799,무관견과담민이1557,풀전력 담원 2:0 따잇! 풀전력 담원 2:0 따잇! 풀전력 담원 2:0 따잇! 풀전력 담원 2:0 따잇! 풀전력 담원 2:0 따잇! 풀전력 담원 2:0 따잇!
800,dgw1914,ㅇ.ㅇ 우차피 젠지가 이겨
801,라이먼킴,귀척 쩐다 진짜 ㄷㄷ
802,욕심후후훗,돌 발 행 동
803,fprince98,리헨즈 ㅋㅋ
804,hanul227,리헨즈 도란이 불안하긴함
805,냥이키움,리헨즈 ㅋㅋㅋㅋㅋㅋㅋㅋ
806,jwymj129,윤수빈의 저주 ㅋㅋㅋ
807,아아안ㅇㄻㄴㅇㄻㄴㅇㄹ,@dwggod 팩트)담원은 티담전에서 한번도 코로나로 1군 선수가 빠진적이 없었다
808,wkddnjsud831,담원도 코로나 피해자인데 왜 3위냐뇨 ㅠㅠㅠㅠ 코로나때문에 시즌 내내 미드 2군 선수 나왔는데 3위면 잘한거죠!!!
809,말랑결,오늘 개재밋겠다 ㄹㅇ
810,깨문다람쥐,리헨즈 개못함 ㅇㅈ/
811,palmstearin,"룰러>>>>덕담, 그리고 넛신 >>>>>>>>>> 0.7ㅐ니언, 그리고 쵸비 >>>>>>>>>> 쌩쇼메이커"
812,chogth123,얘는 그냥!!
813,겨드렁이,잼헨즈 ㅋㅋ
814,soulscape20,조용히해라
815,복숭아아메리카노,무관행동
816,manti12452,리혜지 ㅋㅋㅋㅋㅋ
817,포켓몬홍보대사,젠지는 라이프는 재계약 했어야..ㅋㅋ
818,조영남은화개장터,파란안경의 돌발행동
819,한국파피,리헨즈는 한번씩 뇌절하는거 뿐이지 나머지부분은 수준급임
820,sjhh0858,쵸업젠에 따인 담민이들 부들거릴 예정
821,jimdak1,광고 진짜 선넘네  ㅋㅋㅋ  7개 뭐냐
822,별수호자씹섭,시우야 좀
823,너구리석사,리헨즈는 그냥 못함
824,ehdrbsl03,저 장면은 그냥 케리아가 잘한건데 너무 한거아니냐
825,viktttorr,아무 롤불이 붙잡고 물어도 리헨즈라 하겠다
826,얍플랭크,0.7때문이지 뭔코로나
827,은하제일검,ㅅㅍㅌㄴㄲ
828,쵸비우승좀,젠지화이팅!~
829,왕만두조아,슼갈들은 결승전에서 벌벌떨며 기다려 어차피 우승은 담원기아니까 ^^
830,에따봉,손슈
831,빈첸시오_,왕눈이
832,ddrvv,리혜지 조리돌림 ㅋㅋㅋㅋㅋㅋㅋㅋㅋㅋㅋㅋ
833,닥터페퍼개꿀맛,아니 광고를 몇번이나 하냐
834,iamboy2000,리헨즈 바로 디스
835,rhw5289_,우아아악!! 쎠뭬이꺼의뮈친쁠레이뭬이낑뭬이꺼어!!!!
836,진짜몰라서물음,사람은 안바껴~
837,holycys,리헨즈 도란 둘만 사리면 이길듯
838,창바람,쵸비>>>> 느그메이커
839,this1499,쇼메 케니언 버스타서 이긴거지 쵸비한태 개털릴 예정^^7
840,youha1209,버스메이커 ㅋㅋ
841,게임프랜드,그냥 캐리아가 잘한거지
842,TearJaeMyung,어차피 우승은 담원기아 ㅋㅋㅋ
843,깅가밍가,무관이 무관인데는 다 이유가있지
844,qhduueh162,눈나
845,lyhoya,솔직히 체급만 보면 젠지>T1이지
846,상급과일,애드블록 깔아라
847,치즈티즈,2군미드 젠지한테 털린 담원의 탈락의 날인가용?
848,wkddnjsud831,담원도 코로나 피해자인데 왜 3위냐뇨 ㅠㅠㅠㅠ 코로나때문에 시즌 내내 미드 2군 선수 나왔는데 3위면 잘한거죠!!
849,cherry_yeni,젠 vs 담인데 슼 까는 얘기만 나온다? 이래도 역체갈이 슼갈인가?ㅋㅋㅋㅋㅋㅋㅋㅋ 담갈은 정신병이다 ㄹㅇㅋㅋ
850,찬지,도란은 언급도 없뉴 ㅋㅋㅋㅋㅋ
851,베루즈,대 상 혁
852,My3136,오늘 존내이쁘다 와
853,곰탱이밤탱이,이렇게 지목을 해서 지적하다니..
854,tmfrl6509,도란 언급없네 ㅋㅋㅋ
855,tjddus87,와 윤수빈  진짜 개이쁘다
856,욕심후후훗,브리온 상대로 이긴거 얼마나 우려먹어 ~
857,묘자리봐드림,담원 1군은 언제 나오나요?
858,지존짭세,응 담원이 우승이야~~~  그코로나 빈집은 쇼매한테 벽느끼고 ^즙^짤예정 ㅋㅋ
859,랄로가첫사랑,DK=다 해줘 김건부
860,dbcldnjs9999,볼빵빵하노
861,dgw1914,둘 다 피지컬만 믿는 팀이라 볼 만 할 듯
862,hoangdarealistic,"GENG VS DK, WHO WILL WIN"
863,chogth123,캐니언게이밍
864,헬로우181818,KT랑 엄대엄가는 젠지 VS DRX랑 엄대엄 가는 DK ㅋㅋ
865,jhjh121212,담민이 vs 쵸맘의 대결 ㄷㄷㄷㄷㄷㄷㄷㄷㄷㄷ
866,palmstearin,매니저가 메시지를 삭제하려 했는데 무빙으로 피함 ㅋㅋ
867,맥시멈토마토,풀젠지면 티원도 잡을텐데ㅋㅋ
868,busmaker,도란은? ?...
869,cimax123,7 anuncios kweaaaa
870,얄탁꾸리,0옵션피넛 1옵션쵸비 2옵션룰러 이정도인듯 나머지는 그게그거
871,bju0616,gdgd
872,olafcity,아
873,ljy0210,가보자가보자
874,모쿠마,젠지 오늘 코로나 안걸림? 중요할때마다 걸리던데
875,jwymj129,역시 담원 편파 ㅋㅋㅋ
876,3급기관사,도란이 아무리 못해도 버돌한테 지겠냐?ㅋㅋㅋㅋㅋㅋ
877,얍플랭크,담원1군은 은퇴했습니다^^
878,카롱단_조하영,어제 경기 본 사람은 안다 지금 티원은 신계임
879,qopals,오늘 쵸비 까던 친구들 결승때 쵸비 광팬 되어있음 ㅋㅋㅋㅋ
880,무지렁이먹는수달,루시안?
881,entice97,버돌 아칼리 잘하는건가
882,떵꾸멍,오늘 쇼메 떨어지는 날이누
883,marill671,아쉽지만 담원의 여정은 여기까지입니다 서머의 담원을 응원합니다
884,손이커,담원화이팅~
885,왕만두조아,걍 바로 결승 담슼전 가면 안되냐 어차피 담원이 이길텐데
886,엔케이1342,상대가 브리온이니 그러지 ㅋㅋㅋㅋㅋㅋ
887,아르토리아크,브리롱 패놓고 좋단다 ㅋㅋㅋㅋㅋㅋㅋㅋㅋㅋㅋ
888,regretpass,t1은 덜덜덜덜
889,순응_,캐니언 게이밍=캐니언말고는 사람이없다
890,무관견과담민이1557,^아니고^
891,bbqdj,캐니언 얘기는 어디감
892,groundworld1,담민이들 벌써 쫄리나? 입 ㅈㄴ 터네 ㅋㅋㅋㅋ
893,지는꽃,걍 젠지가 전라인이 담원 대비 상위호환인데?
894,진짜몰라서물음,눈이 너무 커서 무서워
895,palmstearin,매니저에 의해 메시지가 삭제될 뻔 했는데 무빙으로 피함 ㅋㅋ
896,한화우승가자,눈 왤케 커
897,palbong12,누나아앗
898,욕심후후훗,존잘 ㄷㄷ
899,dwggod,20담원은 건들지마 ㅋㅋ 그땐 [정당]했으니까
900,nonquitter,와
901,누들___,국대는 1~2위 팀들로만 가자 3위까지는 아깝다
902,tomc9,정글은?
903,iamboy2000,kda 뭔데 ㅋㅋㅋㅋㅋ
904,무과금시청자임,그 악성팬덤들 PTSD 온거 웃기자너
905,showmaker_kkens_chovy,담원기아 파이팅!!!
906,자연파마,@buds1234 망상
907,gimotti0070,수빈눈나 눈이 왜이리 커
908,yj0603_,와진짜누가이길까
909,dlwlpsp,코리안 재키러브 덕담
910,bebop1844,눈 왜저래
911,chukbogi1,담민이거르고 담원이 올라가야지 ㅋㅋ
912,qopals,그저 담 트 콩!!
913,우맨123,쇼메가 딜을 안하니까
914,조영남은화개장터,얼굴 반이 눈
915,qhduueh162,눈나ㅏ
916,레이지니,어쩔티비
917,암인드텔,역시 조명이 중요하다 오늘 엄청 예쁘네
918,얍플랭크,결승은 어차피 티젠~
919,bch7005,눈ㄴ나ㅏㅏㅏㅏㅏㅏㅏㅏㅏ
920,왕만두조아,응 어차피 우승은 담원기아
921,michinpandaren,코가 좀 아쉽네
922,겨털찰랑,수빈누나 유니폼 입은팀이 지금까지 이겨왔다 이말이야
923,별수호자씹섭,덕펠리오스 잘하긴함
924,얄탁꾸리,대황메이커 ㄷ;
925,entice97,동공 웰케 큼 렌즈인가
926,calintz304,이거 걍 PO스텟아님? 시즌 전체가 아니라
927,김떡봉,기상캐스터시절과 얼굴이 너무 달라졌네요
928,함초롬체,젠지는 오늘 담원한테 참교육당한다 대 황 담 원 파이팅 ㅋㅋㅋㅋ
929,노믹스위애비,담기많응!!!!
930,일치로_,저거 브리온 상대로만 이잖
931,palmstearin,수빈이가 정현이보다 훨씬 낳다
932,전절,버돌은 아직 증명 못했는데?
933,수리리리링,아무나 이겨라~~~~
934,hjf0987,누냐 나죽어
935,핑크갸라도스,눈알에 룰루 커져라 썼나
936,minjoon414,"뭔가 운영이 아쉬워서 지던데 담원은,   젠지를 놓고보자니 티원이랑 젠지가 운영을 잘해서"
937,포베야,눈 왤캐크냐
938,fkffh95,수빈이 눈 진짜크네
939,jpopstar,2021은 무관중 물로켓이지 ㅋㅋㅋㅋ
940,whlthd1d,하... 담민이형!!!
941,ljs00112,아오오니여?
942,dgw1914,정규만 보면 젠지가 담원 상위 호환이 맞는데 담원 너무 잘하더라
943,무지렁이먹는수달,롤의신 ㄷㄷ
944,무관견과담민이1557,양 소 인
945,조하나,젠지 팬은 가만히 있는데 담원 팬이랑 t1 팬 끼리 겁나 싸우네
946,원시젤리,담원이 이기면 재밌긴 하겠다 ㅋㅋ
947,게임프랜드,양소인
948,kimuchi_juice,눈 진짜 크네
949,헤에운,여자 아오오니 닮았당
950,플러스99,양소인
951,메데쨩,와.. 눈나 겁나 이쁘네
952,dellash99,롤의 신 ㄷㄷㄷ
953,bebop1844,무슨 인형눈깔같네
954,jwymj129,^빠끄^
955,nomchinese,양 소 인 ㅋㅋㅋㅋㅋㅋㅋㅋㅋㅋㅋㅋ
956,rkotomb,양대인 절대종신
957,iamboy2000,눈나 눈너무커
958,티모먹는다람쥐,우웩
959,파솔솔,오늘 쇼메 떨어지는날 아님??
960,노히트노런,오늘 강퀴인가여?
961,skqlaoemq122,젠지 화이팅
962,sjhh0858,눈 ㅈㄴ 크네ㅋㅋㅋㅋㅋ
963,zzzzak728,나 담원기아 팬인데 윤석열 지지한다 ^^
964,ingan0404,외모 평가하는 애들 거울좀 보셈ㅋㅋ
965,tomc9,쇼메 폼이 좀 떨어진긴 했지
966,scienpr,아무리 그래도... 젠지가 크흠... 좀 더? 크흠 ㅋㅋ
967,nrew94,슼갈분들 그만해주세요
968,왕만두조아,그미드팬들 발작 ON!!!  ㅋㅋㅋㅋㅋㅋㅋㅋㅋㅋ 응 어차피 우승은 담원기아야
969,holycys,빠끄
970,3급기관사,버돌은 킹겐부터 이기고오자
971,천랑성운,양 소 인
972,조영남은화개장터,눈도크고 눈동자도 커서 무섭다..
973,지존짭세,롤의신 ㄷㄷ
974,엔케이1342,그놈의 돌림찬 감독 ㅋㅋㅋㅋ
975,반디팬,눈나
976,엉클파카,안그래도 눈 큰데 화장까지 저렇게 했다냐 징그러울 정도네;;
977,마이뭇다아이가,양 소 인
978,ehgud1110,쵸쇼대전 드가자
979,한포크,오늘도 양감독 춤 좀 추나
980,1번뽑았습니다,담민이들 맞아야겠지?
981,kimx7155,줴가 연구 마니 해와꺼뜬여 ㅋ.ㅋ.ㅋ.
982,showmaker_kkens_chovy,담원기아 파이티이이잉!!
983,김선후후후시딘,젠지가자
984,jh3217973,예쁘시긴 하다
985,ky1325,"겁나 예쁘다.,"
986,423g,젬쥐
987,김떡봉,아오오니
988,누들___,젠지 가만히 있는게 아니고 팬수가 적음
989,entice97,얼굴이 작으니까 코가 상대적으로 커보인다
990,fkffh95,정현이는 이미 축구선수한테 가버림;;
991,개망떡,쇼메 키만큼 작은거 온다
992,sagria04,젠지 압승 ㄷㄷ
993,헬로우181818,"LCK 빈집 아닌 적 = 2016, 2017 끝"
994,lbs0620,젠첩들 오늘 기강 좀 잡자ㅋㅋㅋㅋㄴㅋ\
995,반디팬,지들이 먼저 털어넣고 그만하라니
996,헉슬리이,킹 대 인
997,kijun3070,양 소 인
998,카롱단_조하영,담원은 3위 챔피언쉽 포인트나 챙길준비해
999,아이셔소다맛,응 2군끼고 다 이겼어
1000,나윗,개이쁘다
1001,찬지,이쁜척하는거 꼴보기싫네..
1002,lsrrokmv,너무 커서 무섭긴해;;
1003,일치로_,@조하나 팬끼리 싸우는게 아니라 롤갤vs롤갤임 ㅇㅇ
1004,yomadayo,음 소 원숭이
1005,태어난_김에_사는_사람,아 맞다 2군 이었지?
1006,palmstearin,2군미드오펠리아한테찢기는 ^쇼^
1007,nyk0227,오펠한테 졌어??
1008,무과금시청자임,담원따위 쵸비가 나설필요도 없다
1009,taerin232,^무^력
1010,dltmdals0929,크은거 온다
1011,whddls1225,양
1012,조영남은화개장터,양 중 인
1013,왕만두조아,3대미드 쇼쵸페 아물론 마지막은 ^페이트^
1014,만신김성모,^무^력
1015,showmaker_kkens_chovy,담원기아 파이팅!!
1016,지존짭세,^무^력
1017,sjhh0858,187cm vs 155.7 cm
1018,silersiler,쵸비 vs 쇼멬이컼ㅋㅋㅋ기
1019,얏콜,경기도 없는 티원꺼내서 까는 그분들은 뭐지..열등감..?
1020,kkoook2,오늘 담원이 이기면 오펠리아 >> 쵸비 확정이냐?
1021,한포크,5꽉 해서 포인트 좀 먹어보자. 난 5번 다 맞춘다
1022,깨문다람쥐,오펠리아>>>초ㅂ쵸
1023,순응_,오늘 담원 줘터지는거 보러온사람 손
1024,니베리,니베리 subscribed at Tier 1. 
1025,나부랭2,ㅎ
1026,보색샴푸,못하는걸 팀적으로한다고 커버쳐주네 ㅋㅋ
1027,금빛인장,능지
1028,루팡은루팡해,바부야
1029,무지렁이먹는수달,둘이 잘어울리네
1030,wlgnt159,ㅇㅅㅇ
1031,lyhoya,치킨 안시킨 흑우 없제?
1032,choiwill,미드차이많이남 키차이가
1033,lbs0620,젠첩들 오늘 기강 좀 잡자ㅋㅋㅋㅋㅋㅋㅋ
1034,진짜몰라서물음,헉
1035,strawberrybl0ss0m,ㅋㅋㅋㅋㅋㅋ
1036,_미루나,ㅋㅋㅋㅋㅋㅋㅋㅋㅋㅋㅋ
1037,꼬꼬마세범,ㅋㅋㅋㅋㅋㅋㅋ\
1038,dbcldnjs9999,그..날?
1039,달의어금니,ㅋㅋㅋㅋㅋㅋ
1040,미안하다_이거보여주려고,헉
1041,치즈티즈,2군한테 패배한 담원이 어떻게 결승에 갈까용?
1042,persia_0,치킨 시켰다 제발 빨리 끝내지만 말아라
1043,minwoo0869,왜케 윤수빈 아나운서 욕하는 글이 갑자기 올라오냐 평생 저런 사람 만나지도 못하는 것들이 ㅋ
1044,조하나,롤갤이 뭐임??
1045,Vpjunu9,ㄱㅋㅋㅋㄱㄱㅋ시ㅣㅣㅣ발 ^무^력
1046,hanul227,그날이 오면
1047,calintz304,그날엔
1048,zzzzak728,녹화방송임?
1049,megatrone54,녹방 ㅋㅋㅋ
1050,슬각,진짜 좋나이쁘다
1051,bch7005,눈나ㅏㅏㅏㅏ
1052,게임프랜드,방송 한두번하나? ㅋ
1053,포켓몬홍보대사,수빈이 진짜 귀엽다
1054,qopals,쭈글 헬리오스
1055,poket77,바뷰야
1056,scienpr,그 날? ㄷㄷㄷ
1057,palmstearin,그날?????
1058,skqlaoemq122,187cm vs 155.7cm ㄷㄷ
1059,알알알얼얼얼,둘이..뭐해..?
1060,pjw0425gp,눈나 눈웃음.. 좋다 좋아
1061,차레이,쭈굴 ㅋㅋㅋㅋㅋㅋㅋ
1062,복숭아아메리카노,녹화 ㅋㅋ
1063,lsrrokmv,아 ㅋㅋ 오늘이라고 ㅋㅋ
1064,windstar1478,zzzzzzzzzzzzzz
1065,dgw1914,젠지야 올인 간다~~
1066,yomadayo,음 소 유인
1067,찬지,헉 그날이야?
1068,tictvhtw,그날 바로 시작
1069,곰탱이밤탱이,그날이 오면 ㄷㄷㄷㄷ
1070,늘미소한,젠지 팬이긴 한데 페이커는 왜 무시하는거임 ㅋㅋ 이번시즌 진짜 잘하는것 같은데
1071,꼬마사서,@choiwill 30은날듯
1072,헬로우181818,쵸맘들 윤수빈 담원 유니폼 입었다고 빡침 ㅋㅋ
1073,gkd004,윤수빈누나예쁘다
1074,sleepwantsme,치킨 드가자~
1075,푸지우지,고장났네 ㅋㅋ
1076,함초롬체,젠지보다 담원이 세다니까 ㄹㅇ ㅋㅋ
1077,Vcoc2002,눈나 눈웃음봐
1078,개망떡,치킨? 3ㄷ0
1079,쉐도우레이즈,개갈구네 ㅋㅋㅋ
1080,인페르노쉴드,눈나 개조아
1081,choiengin,왜캐ㅣ 이쁨?
1082,요조숙남,사랑했다
1083,lkmay1,둘이 사귀나
1084,얄탁꾸리,먼 죄다 치킨이야 치킨만먹음?
1085,phsphsphs209,젠지 올인 드가자
1086,초코맛소보로빵,ㅋㅋㅋㅋㅋㅋㅋ 겁나 돌리네
1087,이건좀논란이있겠는걸,치킨 시켜?
1088,은하제일검,수빈누나 너무 귀여워 ㅠㅠㅠㅠ
1089,바닷게,동진이 진짜 쓰레기 같네 ㅋㅋㅋㅋㅋㅋㅋ
1090,hanrabong1,멸망전 드가자
1091,카롱단_조하영,담민이 시끼들 자꾸 남의 팀 까내리지 말고 경기나 보거래이
1092,천연사이다,그날이구나
1093,tjsanf1992,자 드가자
1094,렁태짱,가보자ㅏ
1095,jjackjjack1234,젠지야 믿고 올인간다
1096,조영남은화개장터,치킨이 식기전에 돌아오겠소
1097,silersiler,오
1098,zzzzak728,저런 여자는 막상 사귀면 쉽게 질림?
1099,qopals,오늘 3:0 나오나?
1100,suwan213,자 드가자
1101,plasio__,채팅수준봐 ㅉㅉ
1102,왕만두조아,3대미드 쇼쵸페 아 물론 마지막은 ^페이트^ 어차피 우승은 담원기아
1103,재기발라란활동가,치킨 시키자
1104,겨털찰랑,커비 닮으셨내 눈 입 다커
1105,entice97,님들 아칼리 스킨 추천점요
1106,scienpr,그 날엔 좀 힘들긴하지; ㅎㅎ
1107,choiwill,지금시키면 먹을순잇다
1108,palmstearin,ㄹㅇ 치킨만있어??
1109,앵무새는또또캐,오늘은 치킨 시켜도대나??
1110,strawberrybl0ss0m,드가즈아
1111,blackrobot7388,젠지 드가자
1112,곰돌버거,오 ㅎㅇㅎㅇ ㅋㅋ
1113,jwymj129,롤갤 멸망의 날 ㅋㅋㅋ
1114,로제떡볶이의무덤,치킨 조질까? 뭐시키지
1115,dkesjung,드가자~
1116,루팡은루팡해,응너야
1117,h33720_,담기는 현 탑 0티어 너구리나 데려와라
1118,tomc9,bbq가 돈을 많이 주잖아 킹쫄수 없지
1119,아르토리아크,치킨충들 때문에 치킨 한마리 3만원 얘기가 나오는거 아니야 다른거좀 처먹어라
1120,sbean04,ㅋㅋㅋ 담원 어차피 젠지한테 3대떡인데 보는게맞나
1121,쿠팡팡쿠,작은거 온다 ㄷㄷ
1122,평화로운가이드,제발 3:2 제발 3:@
1123,컴공의비애,중국집 시켰다 ㅋ
1124,자드가자드가자드가자,오늘은 치킨시킬만한 매치네요 대떡은 안나올듯
1125,헬로우181818,티원도 젠지보다 담원이 더 쎄다함 ㅅㄱ
1126,교촌맨,큰거온다
1127,최선입니다,오늘 풀세트 가겠지?
1128,벨즈빔,예언한다 젠지가 3대1 승리함 ㅅㄱ
1129,dkdldk91,드가자ㅏㅏ
1130,sagria04,캬
1131,老鼠333,설렌다
1132,리리쨩다이스키,담민이 멸망전
1133,복숭아아메리카노,자 젠지가보자잇
1134,지니가,t1 vs gen
1135,cuatran201,mấy giờ đánh vậy
1136,김종잠,문열어~
1137,변격동사,오늘은 좀 볼만하려나
1138,원원투투,ㄹㄸㅈ
1139,곰탱이밤탱이,탑 서폿 얘기도 좀 해주지 너무 편파적이야
1140,gkslgksmfdl,젠지 3대 0 예상
1141,쵸비상182,류또죽
1142,금빛인장,류또죽
1143,kric2345,류 또죽
1144,showmaker_kkens_chovy,담원기아 파이팅!!!
1145,두꺼비성운,캬
1146,myjgh1231,아으 잼겠당
1147,akromancy,Hey akro
1148,얄탁꾸리,컵라면 올려놨다 질문받는다
1149,jju2799,작은거온다 ㄷㄷ
1150,manti12452,큰거온다
1151,다우존스,컵라면 끓이고 있다
1152,천랑성운,류또죽
1153,한화무패우승,큰거온다
1154,자연파마,@buds1234 서드 미드 쇼메이커
1155,에따봉,류또죽
1156,조영남은화개장터,비비큐 빨리들 시켜드세요. 사장이 30000원 받는다던데 ㅋㅋ
1157,woo_0110,흐에
1158,dltmdals0929,떡볶이 시켰다 ㄷㄷㄷㄷㄷ
1159,ugaba1104,오늘이었구낭
1160,moriya0,담원이 거지구단인데 너구리 ㅋㅋㅋㅋㅋㅋㅋ 풉
1161,뜨끈한국밥한그릇,엄대엄
1162,lsrrokmv,3꽉 가보자~
1163,a5sb,오늘 꽉수빈에 강x현
1164,늘미소한,젠지 화이팅!!!!!!!!
1165,zzzzak728,호식이 vs 페리카나  치킨 추천좀 ㅇㅇ
1166,게임프랜드,오늘 젠담인데 왜 젠민이는 안보이는데 왜 담민이는 항상 보이냐?
1167,지는꽃,광고 진짜 개많이트네
1168,책읽자책읽어,상성상 젠지가 더 강하긴 해
1169,4260sungg,젠지 3:1
1170,메론밀키스,류 그만 좀 죽여...
1171,카롱단_조하영,니네 상대 티원 아니고 무적함대 젠지다
1172,qeunho,ㄷㄱㄷㄱ 재밌겠네
1173,vinh0988lol,geng bế mấy thg nhóc dk
1174,nomchinese,류 또 죽
1175,반짱,안녕하세요 담갈 쳐발리고 담민이들 부들대는거 보러왔습니다 ^^
1176,왕만두조아,롤판진리 LCK : 10개의 팀이 엎치락 뒤치락하다 담원이 우승하는 리그
1177,UselessnessMan,블라인드 픽 부활시켜 제발
1178,tomc9,3ㄷ0은 좀
1179,진짜몰라서물음,대 재 석
1180,진존게못,무조건 젠지지
1181,growtallersong,시이이이이이작~~~ 하겠습니다~~~~~~
1182,3급기관사,담기는 너구리부터 데려온뒤에 결승생각하자^^
1183,평화로운가이드,류는 계속 죽네
1184,헬로우181818,팩트 - T1도 젠지보다 담원에게 관심있다
1185,엔난나,"""2"""
1186,엔케이1342,2
1187,스마일천사,5꽉 가즈아~
1188,쿠팡팡쿠,콩콩2
1189,sbean04,ㅋㅋㅋ 담원이 머가쌔노 탑 봇 질질새는데
1190,귤먹는오리,2
1191,비에고_,2
1192,허니챈,하나 둘 셋 콩 두 파이팅!
1193,scienpr,강퀴 + 6수빈 ㄱㄱ
1194,blackrobot7388,코돈빈 감독으로라로 우승해보자
1195,아다다다가,제발 오늘 5꽉가보자
1196,시구니쳐,바론 갱플궁 ㅋㅋㅋㅋㅋ
1197,헤에운,굿즈도 안사는 애들이 3만원 타령 ㅋㅋ
1198,scy1018,t1팬이라서 젠지가 올라오길 빈다
1199,금빛인장,9440
1200,cuatran201,có ai việt nam k
1201,gnoejhy,2
1202,tictvhtw,바베큐 그닥
1203,zzimh,"페이커가 낳냐??? 쵸비거 낳냐,??"
1204,isangeon123,다음주 토요일 그미드 훌쩍훌쩍좀 시켜줘라 쵸비야
1205,조영남은화개장터,젠지가 정배아님?
1206,왜아이디로메인은안됨,아니 광고를 연속 세번을 맞네
1207,gkslgksmfdl,담원은 어차피 결승 못 감..
1208,zzzzak728,치킨은 처갓집이지... ㅇㅈ?
1209,골드마트,큰거온다
1210,jwymj129,이블린 눈나 ㅗㅜㅑ
1211,MILINAE88,오늘 강퀴 + 6수빈 = 5꽉
1212,topgod921,악
1213,sungmin980720,ㅈ밥대전 드가쟤
1214,아이어아이어에,엄대엄은 젠VS티고 젠VS담은 젠지가 쳐바르겠지 ㄴㅋㅋㅋㅋ
1215,김떡봉,호 버 호 버
1216,로제떡볶이의무덤,바론 갱플궁 언재나온경기임?
1217,bgj100point,아니 광고 머냐?
1218,myung0303,아 광고 ㄹㅇ;;
1219,모쿠마,젠지가?
1220,rich100sooo,피글렛 그래서 지금 여론 어떰
1221,crackersbell,hiiii
1222,poket77,젠지 정배 맞음
1223,지존짭세,속보 담원 너구리 재계약
1224,choiwill,@왕만두조아 엎치락 뒤치락? 전승 t1은 머지
1225,freetempo5,광고가 무슨 연속 세번이야
1226,에따봉,쵸비봐줄래?
1227,tlsql623,윤수빈 진짜 개이쁘다 진짜
1228,dgw1914,ㅇㅇ 젠지가 정배
1229,운석3240,몇시에 시작하나요?
1230,gimotti0070,노래 너무 좋당
1231,marill671,쵸없젠>>>>>> 담원
1232,린가두,봐줄래?
1233,슈퍼만쥬,다 티원이냐
1234,게임프랜드,롤갤 터진다 오늘!
1235,dwggod,티원은 완전체 젠지 무서워서 벌벌 떨고있겠네 ㅋㅋㅋㅋㅋ
1236,tomc9,2ㄷ0으로 개바른 팀을 왜 신경쓰냐
1237,growtallersong,광고 너무한거 아니냐
1238,ribw1993,ㅎㅇ
1239,왕만두조아,LCK : 10개의 팀이 2달간 엎치락 뒤치락 하다 결국 담원이 우승하는 리그
1240,엔케이1342,쵸비 갈리오ㅗㅜㅑ
1241,dltmdals0929,낳냐가 아니라 낫냐 븅아
1242,솔져22,처갓집 트러플슈프림 ㄱㄱ
1243,koreankimchneon,쵸오오오비
1244,sbean04,담원이 젠지보다 못하니까 관심이있겠지 ㅋㅋㅋㅋㅋㅋㅋ
1245,얏콜,담원팬특)자기들경기 있는날에도 응원할 생각보단 그팀 소환해서 깔 생각뿐..
1246,arol_01,뭔 낳냐임 낫다가 맞음
1247,대학학대,정보)코돈빈은 선수로 우승 한 적이 있다
1248,Neptune_3300,let's go geng
1249,thefrlst,사실상 결승전
1250,chukbogi1,지금 시켰다 젠지 홧팅
1251,감귤찬,무빙
1252,그림자의달,갈리오는 쵸빈가?
1253,heypq,광고 ㄹㅇ 뭐냐
1254,곰탱이밤탱이,파리바게뜨 포장이나 해라 얘들아. 설마 놓친거 아니지?
1255,wjdthdgml3,울 담원 화이팅
1256,googichan1020,젠지 ㄷㄱㅈ
1257,calintz304,소인이 인터뷰 기대된다
1258,한국파피,담원이 이기면 좋겠지만 불안한건 매한가지 인거 같아요
1259,요리하는_문지기,시작언제임?
1260,astemae,5꽉 가보자
1261,조영남은화개장터,처갓집 맛있음?
1262,naw1228,시작한다
1263,얄탁꾸리,큰거 맞긴함?
1264,변격동사,선거방송 온
1265,닥터페퍼개꿀맛,아 광고좀 그만하라고
1266,mingy1234,피글렛 여론 ㅇㅈㄹ 펨코도태남새기 ㅋㅋ
1267,깨문다람쥐,버돌 너구리올까봐 정신차렸다 긴장해라
1268,메인라인,16 서머 결승 5세트일걸요
1269,minjoon414,족발 먹어야지
1270,채팅방관리,약자대전 시작인가
1271,lalaland_112,아무나 이겨라 차피 티원한테 안되는데
1272,kkoook2,성캐다
1273,전절,지금 시작
1274,x_oxek,티원 담원올라올까봐 불안해서 보러온거봐 ㅋㅋㅋㅋ
1275,ugaba1104,하나남은 과자 꺼낸다 딱대
1276,rkotomb,대퍼팀 ㄷㄷ
1277,gunwoo731,쇼메이커 퇴물인가요?
1278,zzzzak728,근데 어차피 우승은 담원 아니냐? ㅋㅋ
1279,흰색난쟁이,무한광고무냐
1280,하얀모래,맛있음
1281,빡고에요,롤알못 진짜 많네 ㅋㅋ;
1282,응애독타,담원이 우승후보?
1283,freetempo5,광고 오래도 쳐 나오네 ㅋㅋㅋㅋㅋㅋㅋㅋ
1284,qudrb6989,2등 결정전
1285,gimotti0070,쵸오비상
1286,tjdals042,젠지가 이김 ㅇㅇ
1287,megatrone54,챠ㅑㅑㅑㅑㅑㅑㅑ비
1288,lyhoya,"우승후보""였던"""
1289,순응_,현실에도 요들이있네
1290,choiwill,였던 ㅋㅋㅋ 과거형
1291,푸와크,큰 거 온 다
1292,ReedingSheep,제발 힘내자 젠지
1293,dRiCiRis,에헤헤 담원 기대해~
1294,버너스,젠지가 뭔 슈퍼팀이여
1295,평화로운가이드,트위치 요즘 들어 광고 너무 많네
1296,이름없당,bbq 맛있음
1297,sungmin980720,담원이 언제부터 우승후보였나요?
1298,시간콜,지발 이기자 ㅉㅉㅉ~
1299,김떡봉,개 잘 빨 아
1300,꼬오북이,티원팬은 편하게 봐야징~
1301,realpurple04,5꽉 가자
1302,poket77,오늘은 큰거 맞지? 치킨 시켜도 되는거냐??
1303,myjgh1231,상대전적 2:0 ㅋㅋㅋㅋㅋㅋㅋㅋ
1304,곰탱이밤탱이,BBQ 후원인데 처갓집 얘기하고 자빠졌냐 얘들아 눈치좀 챙겨라
1305,silersiler,캐니언~~
1306,koreankimchneon,제엔지잉
1307,허니챈,브리온??
1308,saehyeon4825,담원이 우승후보인건 좀 에바지
1309,모자상백환,담트콩 컷!
1310,진영홍,플레이메이킹퀘이쿼ㅓㅓㅓㅓㅓㅓㅓㅓ
1311,골드마트,5시 시작이니 광고하지 바보탱아
1312,무과금시청자임,담미니들 한잔해~
1313,bluesky895,응 케니언게이밍 광탈
1314,l_k_l_k,브리온 징크스 ㅋㅋㅋㅋㅋㅋㅋㅋ
1315,시구니쳐,이상할 만큼 브리온에 약한 팀 ㅋㅋㅋㅋㅋㅋ
1316,ujun0248,큰거온다 얘들아 치킨 미리 시켜나
1317,조영남은화개장터,트수믿고 처갓집 시킨다 맛없으면 책임져라
1318,calintz304,양빠끄 ㅋㅋㅋㅋㅋㅋㅋㅋㅋㅋㅋㅋㅋㅋㅋㅋㅋ
1319,천랑성운,빠끄 또 하네
1320,혜브이,빠-끄
1321,요랑요한,?
1322,뎃챠,빠끄
1323,jwymj129,양대인 또 저러네 ㅋㅋㅋ
1324,왕만두조아,LCK : 10개의 팀이 2달간 엎치락 뒤치락 하다 결국 담원이 우승하는 리그
1325,moriya0,고장난 판독기 담원 ㅋ 약팀에도 진다 이제 !
1326,일치로_,@thefrlst 이거 2021 롤드컵때 티담전에서 ㅇㅈㄹ했다가 edg한테 졌잖음 ㅋㅋㅋ
1327,sackmms,쭙쭙 잘빠네 ㅎㅎ
1328,naw1228,제발 가볍게 떡먹이고 올라가자
1329,진_미켈센,브리온 도르 ㅋㅋㅋㅋㅋㅋ
1330,dhgn0930,젠지가 3대1승
1331,jpopstar,빠끄 ㅋㅋㅋㅋ
1332,y04091,응 담원 t1 한테 2대떡 당했어 케니언 게이밍이 어딜 ㅋㅋ 버스메이커 실력이나 늘려나 ㅋㅋ
1333,아르토리아크,버 스 메 이 커~~~~~~~
1334,손이커,캐니언 '해줘'
1335,얄탁꾸리,건물지린다 ㄷ
1336,oinkoink425,5꽉 ㄱㄱ
1337,닥터페퍼개꿀맛,제발 광고 좀 그만해
1338,무지렁이먹는수달,재밌겠다 5꽉가자
1339,lalaland_112,차피 티원 우승인데 아무나 이겨라
1340,lksck12,자
1341,14239,양대인의 플옵 ㄷㄷ
1342,딸기우유맛하리보,한다한다
1343,freetempo5,또 담원의 시대 (울컥) 하나 ?
1344,yomadayo,양 빠끄 손모양 여전하누 ㅋㅋㅋㅋㅋㅋㅋㅋㅋ
1345,딩밍이,티원 팝콘 뜯는중
1346,showmaker_kkens_chovy,담원기아 파이팅!!!
1347,빡고에요,고점 담원이 고점 젠지 보다 무서운데 젠지 압승은 뭔;
1348,pakasup,빠끄
1349,guestrust,브리온 징크스 탈출도르 ㅋㅋ
1350,썩음감자,쵸비대  쇼메   ㅈㄴ기대
1351,calytine,오늘이 2위 결정전 인가요?
1352,샤크티비2,빠끄
1353,blackrobot7388,돈빈이형 가즈아ㅏㅏㅏㅏㅏㅏㅏㅏㅏㅏㅏㅏㅏㅏ
1354,bch7005,눈나ㅏㅏㅏㅏㅏㅏㅏ
1355,pjw0425gp,뭔 처갓집이야 bbq지 치킨은 확그냥 ㅋㅋㅋ
1356,대입구,빠끄
1357,게임좀켜세요,빠
1358,nomchinese,^빠끄^
1359,qopals,한쪽은 강팀이라기는.....
1360,skqlaoemq122,빠끄 ㅋㅋㅋ
1361,gkslgksmfdl,담원 오늘 멸망 ㅋ ㅋ
1362,김리타입니다,큰거온다
1363,rlwl1212,도란아 버돌한테 지면 안된다
1364,엔케이1342,체갑차이가 좀 나긴 하는데
1365,디바1인,빠끄ㅋㅋㅋㅋㅋ
1366,아이셔소다맛,쇼오오메이커! 플레이메이킹 메이커!!!!!!!
1367,빠나나썅,이번 경기는 탑이 제일 중요한가??
1368,탐욕아님,담민vs쵸비맘 ㄷㄷ
1369,clienteshoon,담민이컷
1370,googichan1020,담민이들기대 존나하내 설레발
1371,웨더1,가즏아
1372,dRiCiRis,뭐 불안해서 보러왓냐 꿀잼이니까 보러왓지 ㅋㅋㅋ
1373,ky1325,큰거 왔다
1374,원시젤리,드가자 드가자~
1375,dgw1914,아무리 억까해도 젠지가 정밴 건 맞잖아
1376,중동용병,빠-크
1377,정똬여니,교촌드가자
1378,toruin,누가이기든 5꽉 가자 오늘은 치킨시켰다
1379,holycys,^빠끄^
1380,lkm000212,장 언제열려요
1381,지뢰찾기초보,^빠끄^
1382,chukbogi1,셔메이커 쁠레이메이큉메이켜!!!!
1383,여러상아,와 젠담!
1384,음식평론가공혁준,드걔쟤~
1385,scienpr,그랑서울
1386,엠아투엥,ㅋㅋ 담원 싫어하는 사람 많네
1387,mulrocket_1557,^빠끄^ 양대인
1388,쨴니,캐니언 화이팅!!!!
1389,김떡봉,0.7ㅐ니언
1390,lbs0620,담트콩딱 대ㅌㅌㅌㅌㅌㅌㅌㅌㅌㅌㅌㅌㅌㅌㅌ
1391,lsrrokmv,운동가는데 맥주마렵네 아 ㅋㅋ
1392,오른장인유망주,ㄷㄷ
1393,theyrmad12,해빙색스
1394,zzangho0514,오늘 개재밌겠당
1395,페퍼칠리,큰 거 온ㄷ ㅏ
1396,모자상백환,그저 빠--끄 ㅋㅋㅋㅋㅋㅋㅋㅋㅋㅋㅋㅋㅋㅋㅋㅋㅋㅋㅋㅋㅋㅋ
1397,zzzzak728,지금 담원이 4시즌째 우승 아님? ㅋㅋ
1398,junyoung2002,작은거 드가자 드가자
1399,도파가221,나무경영아카데미 ㄷㄷ
1400,게임프랜드,건물 이쁘다
1401,스트라이커는낭만이야,드가자~~
1402,붕딹,작은거온다
1403,진짜몰라서물음,정배가 많은걸 보니 역배에 좀 걸어야겠으~
1404,astr0boss,catJAM
1405,아필락,담원 우승 ㅋㅋㅋㅋㅋㅋㅋㅋㅋㅋㅋ
1406,망고망고71,어제도 이떄쯤에 치킨시켜서 다리하나먹고 방송끝났는데 오늘은 아니겠지..?
1407,대학학대,담원이 브리온에 약한게 아니라 쇼메가 라바에 약한거 아님?
1408,chodudtjr,작은거 온다!
1409,귀염둥이마루쉐,준우승 결정전 ^^
1410,bluesky895,응 케니언게이밍 광탈ㅋㅋㅋㅋㅋㅋㅋㅋㅋㅋㅋㅋㅋㅋㅋㅋㅋㅋㅋㅋㅋㅋ
1411,브라움질리언왁싱,중간거 왔다
1412,트통령을꿈꿨던남자조강현,무관 중 최강과 무관중 최강의 대결!
1413,캔스톤,해설진 개좋다
1414,whdtjr3301,쵸오오오오비이이이
1415,rkotomb,성동퀴 ㄷㄷ
1416,만능두부,나이스 고릴라 없다
1417,iamboy2000,성캐 5꽉가자
1418,dangerousmanlee,캬 성동퀴
1419,leewh00828,굿바이. 담원
1420,감자모닝,보고싶다
1421,하경잇,드가자
1422,왕만두조아,LCK : 10개의 팀이 2달간 엎치락 뒤치락 하다 결국 담원이 우승하는 리그 ㄹㄹ
1423,jju2799,t1 방송중임
1424,x_oxek,티원 롤챔스 4강딱 아직도 기억에 남는다 ㅋㅋㅋㅋ
1425,골드마트,BBQ회장: 치킨값 3만원이 적당해
1426,시구니쳐,성캐!성캐!성캐!성캐!성캐!
1427,클모춘장핡쏘쓰,성퀴동
1428,sbean04,ㅋㅋㅋㅋ lck에서 bbq 광고하는거랑 뭔상관이냐
1429,아리카씨,롤갤발 드립 너무 보인다
1430,ron998777,큰 서 온다
1431,gunwoo731,젠지 선수들 화이팅입니다
1432,UselessnessMan,강 팀 준 ! 강 팀 준 ! 강 팀 준 !
1433,요랑요한,성동퀴다
1434,빠끈쌔끈핑키옹알,시청자 1100명실화??
1435,키가작은미드,성동퀴
1436,_캬아,드가자~~~~~
1437,yd050213,클텝 어디감??
1438,strawberrybl0ss0m,준성강
1439,roseknife1207,오늘 강퀴다 5꽉간다 이거 ㅋㅋㅋ
1440,유니스트학고남,성퀴동 ㄷㄷ
1441,myjgh1231,동준좌 싱글벙글
1442,밀가스트,적당한거 온다
1443,rrrrrrrr1e,ㄷㄱㅈ
1444,돈돈돈돈돈,아싸 강퀴다
1445,kk126666,오우 성동퀴!!
1446,에따봉,성동퀴
1447,mami0602,2000명실화누?
1448,팥죽닭죽,젠지가 이김 젠지는 2등이 딱이라
1449,헬로우181818,쵸맘도 담민이 혐오함 ㄹㅇㅋㅋ
1450,행란,해설진 라인업만봐도 5꽉 갈 것 같다
1451,whddls1225,문열어
1452,prock4619,광고좀 그만쳐넣어라진짜
1453,진흑떡,중간거온다!
1454,카롱단_조하영,응 너네 감독 양대인
1455,twitch_yoyop1,롤파크 왜캐 이쁨?
1456,곰탱이밤탱이,강쿠와 윤수빈의 조합은 뭐다?
1457,꼬오북이,담민이들 오늘 디지게 털리겠네ㅋㅋㅋㅋㅋㅋㅋㅋㅋㅋㅋㅋ
1458,asdf79513,꽉퀴 6수빈 조합?
1459,naw1228,^쵸없젠^
1460,moriya0,양대인의 허리돌림보고 담원 빨수 있냐 ?
1461,gimotti0070,강퀴 성승헌 고릴라
1462,얄탁꾸리,댜황섴 ㄷㄷ;;
1463,Maksito_Sugar,GO GG
1464,파솔솔,치맥 주문왔다ㅋㅋㅋ 꿀잼 가즈아!!
1465,샤코,오늘 퀴형 수빈눈나면 5꽉 아님?
1466,koreankimchneon,성퀴동
1467,ujun0248,캬  해설 좋노
1468,구기러너,크
1469,깨문다람쥐,역배지 이건
1470,dRiCiRis,티원팬들은 팝콘들고 잇죠? ㅋㅋㅋ
1471,게임좀켜세요,오늘 세체미 결정전인가 ㄷㄷ
1472,lietooth2,3Rhkr rkqhwk
1473,magirang,미드 키 작은거 온다 ㄷㄷㄷ
1474,akan0123,오늘 5꽉이네
1475,팟하,와 오늘 해설 개좋네
1476,romekings,김동준행복사
1477,dgw1914,5꽉 드가자
1478,1번뽑았습니다,문열어
1479,비에고_,성동퀴 키야ㅑㅑㅑㅑ
1480,이스라이,쵸비는 무관이 딱이야~
1481,shake1575,담민이 멸망의 날 입갤
1482,two_or_zero,?? : 치킨 3만원으로도 돈이 안남아...
1483,조영남은화개장터,롤알못 김동준 ㅋㅋㅋ 혼자 3:1
1484,geneggayo,오
1485,허니챈,강퀴!
1486,ares8359,담갈 멸망전^^오^^
1487,돌하루방라이언,5꽉퀴
1488,googichan1020,@buds1234 담인이 어서오고
1489,gkslgksmfdl,담원 이제 무관 이어질듯
1490,scienpr,무적함대 T1
1491,illlilililililil,성동퀴 ㅅㅅ
1492,락찔,조합 최고다
1493,게임프랜드,근본 조합 ㅋㅋ 성퀴동
1494,wreckedseez,나이스 성동퀴
1495,tomc9,시청자 수 뭐야
1496,nomchinese,난쟁이 온다 ㄷㄷㄷ
1497,엔케이1342,고점 담원이 뭐 높아 ㅋㅋㅋ 쵸비 혼자만 고점 켜도 학살인데
1498,junyoung2002,5꽉 각이다 ㅋㅋㅋ
1499,iskayarevnar,누가 이기던 경기력 좋게 이겨라 LCK우승은 시다바리고 중요한건 롤드컵이야... 칼날 갈아라... 짜장을 죽여야지
1500,아이셔소다맛,담원준 나왔네
1501,승준게2,담원 이겼으면 좋겠는데 담민이들 때문에
1502,crackersbell,gg31
1503,오른장인유망주,클라우드템플러 어디감
1504,fjfjtnrkkd,더 라스트 오브 어스2는 갓겜임 스토리도 좋와요 ㅇㅈ?
1505,슝믹,2000명?
1506,persia_0,담원 화이팅!
1507,lalaland_112,담원준
1508,blackrobot7388,돈빈! 돈빈! 돈빈!
1509,ariansls,킹조재건 ㅋㅋㅋㅋㅋㅋㅋ
1510,eunicon,ㄷㄱㄷㄱ 하구먼 ㅋㅋㅋㅋ
1511,tenstttaaarrr,티원방송에 청자 다뺐겼노 ㅋㅋㅋㅋㅋ
1512,hanrabong1,강팀준
1513,strawberrybl0ss0m,강팀준 행복사 예정
1514,ㄹㅇㄹㅇㅈ,성캐팀 우승 가즈아~
1515,goodbyedayy,"젠지 화이팅!,!❤️❤️❤️"
1516,책읽기좋은시간,담원팬들은 성적 그따구로 밖고 그거없는 자신감 지려버리네ㅋㅋㅋ 니들이 슥갈하고 다를게 뭐냐ㅋㅋㅋ
1517,콧구멍살인마,3:1혼자 틀린 김동준씨네
1518,얍플랭크,한시간뒤 담민이 싹다 입다물예정ㅋㅋㅋㅋㅋㅋ
1519,종배_,행복준
1520,푸와크,담민이 멸망!
1521,rookie0917,퀴성동
1522,선생님의살색스타킹,담원준 ㄷㄷ
1523,곰탱이밤탱이,강퀴와 윤수빈! 3:2 꽉이다
1524,지는꽃,야근조합 ㄷㄷ
1525,iamboy2000,꽉찬 5경기 ㅗㅜㅑㅗㅜㅑ
1526,naw1228,결승 젠티전이야~ 담원 절대 못이겨~
1527,lsrrokmv,제발 5꽉
1528,요랑요한,해설 성동퀴 너무 좋다
1529,dRiCiRis,롤알못 ㅋㅋㅋ
1530,대체로흐에하임,아 짜장면에 칠리탕수육먹으면서 봐야지
1531,zzzzak728,어차피 우승은 담원이지 ㅋㅋㅋㅋ
1532,소돼지말개,난쟁이 힘조~~~~~~
1533,진짜몰라서물음,응 강퀴? 수빈? 5꽉이야
1534,밀가스트,bbq오랜만에 함 먹을까
1535,bch7005,눈나ㅏㅏㅏㅏㅏㅏ
1536,쵸비상182,성캐형
1537,prototype1023,젠지가 유리하겠자?
1538,살구없다,해설 조합좋다
1539,얄탁꾸리,캐니언 VS 피넛 레알 웅장하네
1540,이스라이,쵸비는 무관이지~
1541,Ssanhee,김동준 말을 진짜 잘하네 ㅋㅋ
1542,펜타미넘2,결승은 skt왕조 대 삼성왕조 해야지
1543,김취객,강팀준 행복사
1544,엘샤인,울챔스에 청자 다뻇김ㅋㅋ
1545,황금토마토,오늘 5꽉가나???
1546,calytine,오펠리아 선에서 컷!!!!!!!!!!
1547,myjgh1231,앗 오펠리아한테 막혔던 담원 ㄷㄷ
1548,에따봉,5꽤
1549,this1499,클템 어디갔노^^1 바
1550,MILINAE88,강퀴 네이놈
1551,dgw1914,시청자 왜 이럼?
1552,모자상백환,담트콩 멸망하는날 ㅋㅋㅋㅋㅋㅋㅋㅋㅋㅋㅋㅋ
1553,문치,오늘 쓱갈들 너무 많겠네 ㅠ.ㅠ
1554,슝믹,역시 인기가 없군. 1160명이라니
1555,1번뽑았습니다,몇대몇 예상함?
1556,망고망고71,이조합이면 5꽉에 퍼즈까지 가능서있따...!
1557,bluesky895,응 케니언게이밍 광탈 ㅋㅋㅋㅋㅋ담민이들 오늘 즙짜는날
1558,aboc4do,젠지>>>담원
1559,도현냥이,강퀴+수빈 5꽉 ㅋㅋㅋㅋ
1560,갓니코,오필리아가 이겼는데 뭔 이멤버로 붙은적이 없다타령
1561,수리리리링,어제 못먹은 치킨시켰다
1562,sohj65555,3대0은 절대 안나오지ㅋㅋ
1563,hanrabong1,1황
1564,아이셔소다맛,우리는 담원의 시대에 살고 있습니다(울컥)
1565,반디팬,왤케 시청자들 없어
1566,왕만두조아,LCK : 10개의 팀이 2달간 엎치락 뒤치락 하다 결국 담원이 우승하는 리그
1567,realpurple04,일단 코로나 안 끼어서 좋다
1568,kyj1945,1160명 실화냐
1569,sonesws,5꽉가자 오늘은
1570,gkslgksmfdl,젠지가 3대 0 이나 3대 1 정도
1571,혜경이의법카,저 여자 왤케못생겼냐ㅐ
1572,구기러너,과연 킨덱스는 누가 갈라나
1573,Cone0133,응 어김없이 젠지 3:0 승
1574,shrnfl523,큰거온다 큰거온다 큰거온다
1575,sibillSW,캬
1576,moonshow0,담원진다는 잼민이들 두고봐라 나중에 입꾹닫만들거니까 ㅋ
1577,니차욘따라락,누가 이기려나
1578,14239,🤘😌🤘
1579,lbs0620,대 황 슼
1580,김종잠,문열어~
1581,상급과일,젠지 삼성스폰 빠진거아님? 아직있나
1582,dRiCiRis,슼갈들은 팝콘뜯고잇죠? ㅋㅋㅋ
1583,깨문다람쥐,미래에서 왔읍니다 담원이 3대0으로 이깁니다
1584,lyhoya,대 황 슼
1585,youtubgak,언제시작임?
1586,헬로우181818,쵸독 VS 쇼독 ㄷㄷㄷㄷㄷ
1587,혜윰알파,5꽉 드가자~
1588,쵸츠_,응 어짜피 담원이 우승이야~~~~~
1589,게임프랜드,티황 ㄷㄷ
1590,wjdals0_0,담원 화이팅
1591,naw1228,오펠로도 이기는데 쵸비면 삼떡이지
1592,비단두람,대황슼 ㄷㄷㄷㄷㄷㄷㄷ
1593,youtubgak,몇시시작이노
1594,조영남은화개장터,문열어
1595,신류지나가,담원보다는 티1 젠지경기보고싶다고
1596,잠올때,1황2강
1597,googichan1020,젠지가자
1598,천랑성운,팝콘 꿀잼
1599,지는꽃,담원이 이긴다는게 잼민이 아님?
1600,astemae,대 황 슼
1601,호옷호,젠지가 이기지 않을까나...
1602,창바람,젠지 ㅎㅇㅌ
1603,asdf0124,오늘은 치킨 시켜도 될까나?
1604,썩음감자,티황
1605,blackrobot7388,대뜩이가즈아
1606,rkotomb,역배준
1607,prototype1023,탑미드 정글 비슷한데 바텀 탑이 담원이 너무밀린다
1608,ReedingSheep,3:1 롤알못행 ㅋㅋㅋㅋㅋ
1609,얄탁꾸리,역배충
1610,산딸기맛싼딸기,5꽉퀴 ㄷㄷ
1611,솜지우,젠지 3 : 2 담원 으로 이길듯
1612,티모먹는다람쥐,ㅋㅋㅋㅋㅋㅋㅋㅋㅋㅋㅋㅋㅋㅋ
1613,rookie0917,역배에걸어?
1614,자연파마,@왕만두조아 담민이 ㅎㅇ
1615,the_counsul,젠첩들 많이 화났노ㅋㅋㅋㅋ
1616,욕심후후훗,혼자 3:1 ㅋㅋ
1617,세로건_,젠지 이겨라 결승 퀄리티 높여줘라 너희가
1618,모더레이션,ㅋㅋㅋㅋㅋㅋㅋㅋㅋㅋㅋㅋ
1619,0802ksk,ㅋㅋㅋㅋㅋㅋㅋㅋㅋㅋ
1620,그림자의달,누가이기던 5꽉해라
1621,calintz304,역동준
1622,승리토템,역배준ㅋㅋㅋㅋ
1623,UselessnessMan,롤알못 ㅋㅋㅋ
1624,alsgh004,ㅋㅋㅋㅋㅋㅋㅋㅋㅋㅋ
1625,음식평론가공혁준,역 배 준
1626,마늘맛사탕,롤알못 ㅋㅋㅋㅋㅋㅋㅋ
1627,fullinlove486,3:1이 역배 ㅋㅋㅋㅋㅋ
1628,whlthd1d,5꽉에 크로노 브레이크 ㅋㅋㅋㅋㅋㅋ
1629,복숭아아메리카노,롤알못 ㅋㅋㅋ
1630,곰탱이밤탱이,롤알못이지 ㄹㅇ
1631,gkgkgkqk123456,담원 우승이러네
1632,anp3254,역배 ㅋㅋㅋㅋㅋㅋㅋㅋㅋㅋㅋ
1633,꼬오북이,아무나 이겨~ 어우슼ㅋ
1634,jju2799,강하다 T1
1635,BDD1111,젠지 담기ㄷㄷㄷ
1636,삼각김밥77,ㅋㅋㅋㅋㅋㅋㅋ\
1637,Vcoc2002,3:1 역배 ㅋㅋ
1638,leedh9994,3ㄷ1이 역배
1639,라이트입뉘다,3:1이 홀로 역배 ㅋㅋ
1640,바닷게,역배준
1641,아린빵야,역배준 ㅋㅋㅋ
1642,taerin232,3대 1이면 역배지 ㅋㅋㅋㅋㅋㅋㅋㅋㅋㅋ
1643,단발만세,ㅋㅋㅋㅋ
1644,린가두,역배준 ㅋㅋㅋㅋㅋ
1645,dgw1914,3대1이 역배
1646,촌닭3마리,3:1 역배 ㅋㅋ
1647,geneggayo,ㅋㅋ
1648,kjhjay,역배긴해 ㅋㅋ
1649,망고망고71,아 3대1도 역배라고 ㅋㅋㅋ
1650,단_화,3:1 역배 ㅋㅋㅋㅋ
1651,요랑요한,3:1이 역배 ㅋㅋㅋㅋㅋㅋㅋㅋㅋㅋㅋ
1652,수출용뀰주먹,롤알못 김동준
1653,azmiris,3대1 역배 ㅋㅋ
1654,김떡봉,아니 변수가 버 아니면 호인데 답나오지
1655,tictvhtw,역배준
1656,bbqdj,오늘은 정배가 어디임?
1657,yh3lee,3:0 -> 2:3 -> 3:0 -> 2:3?
1658,kurgal0903,젠담 꿀잼
1659,lbs0620,대 황 슼 대 황 슼 대 황 슼 대 황 슼 대 황 슼
1660,현현님,3:1 이 역배 ㅋㅋ
1661,bvoicett,0.7ㅐ니언
1662,wlsrb032,@youtubgak 곧 하겠지
1663,y2kssagaji,3:1이 핵역배 ㅋㅋㅋㅋㅋㅋ
1664,bluesky895,응 케니언게이밍 광탈 ㅋㅋㅋㅋㅋㅋㅋㅋㅋ담민이들 오늘 즙짜는날 ㅋㅋㅋㅋㅋㅋㅋ
1665,sangggong,젠지 제발 이겨라
1666,정도연,오늘은 치킨시켜도 됩니다~
1667,노력중입니다,3:1이 역배 ㅋㅋㅋ
1668,strawberrybl0ss0m,3:1이 역배다 ㅋㅋㅋ
1669,조용한광기,역배 ㅋㅋ
1670,김회색,역배준
1671,chukbogi1,젠지는 완전체로도 대떡난다 담원 가즈아ㅏㅏㅏ
1672,혜윰알파,3대 1이 역배였지 ㅋㅋㅋㅋㅋㅋ
1673,프드라,T1 독주를 누가 막을것인가
1674,왕만두조아,LCK : 10개의 팀이 2달간 엎치락 뒤치락 하다 결국 담원이 우승하는 리그 ㄹㅇ
1675,nomchinese,???
1676,설정설정,담원 팬인데 T1은 진짜넘사다 ..ㄷ
1677,레이지니,오늘은 역배모드간다
1678,나비버플,어어?
1679,몰락하는엔씨놈들,광퀴라 3:2?
1680,dkesjung,역배충 쳐 내~
1681,조영남은화개장터,3:1 역배준 ㅋㅋㅋ 롤알못
1682,닐리리뜨루루,일반적은 니가 담갈준이잖아ㅋㅋㅋㅋㅋㅋ
1683,미소뽀르테,그러면 결승 3:0?
1684,소돼지말개,난쟁이 힘조~~~~~ ㅋㅋㅋ 난쟁이 힘조~~~~~ ㅋㅋㅋ난쟁이 힘조~~~~~ ㅋㅋㅋ
1685,zvh0,3:2 가자~~~~~~~
1686,붕딹,삼대일 역배
1687,y04091,케니언 게이밍 완전체 담원 t1한테 2대떡 당하고 약팀한테도 발렸으면서 어딜 담원이 우승을 논하고 있냐 ㅋㅋ 버스메이커 실력이나늘리셈 ㅋ
1688,섀_커123,5꽉 가즈아~!!!
1689,코털탈모,강팀준 행복사 예쩡
1690,sbs97121,강팀준 행복사하누
1691,빠나나썅,5꽉이냐~~~~~~~
1692,sbone19,롤알못
1693,방구석라이프,퀴센세의 가호
1694,Taeyeon425,제발 담원 이겨라 담원이 더 쉽다
1695,luke04155,0.7ㅋㅋㅋㅋㅋㅋㅋ
1696,윤한솔_,해설이 꽉퀴네 아무나 이겨라
1697,whddls1225,케니언게이밍
1698,게임프랜드,역배떳다
1699,얄탁꾸리,역배는 못참지 그걸 왜참음?
1700,showmaker_kkens_chovy,담원기아 파이팅!!!
1701,kimjihoa,3:0 2:3 3:0 3:2 0:3 ㅋㅋㅋㅋㅋㅋ
1702,엄청큰감자,김동준 : 결승은 3:0이 될것이다
1703,칸케이,다 젠지승 예상일듯 ㅋㅋㅋㅋ
1704,blackrobot7388,돈빈이형 가즈아ㅏㅏㅏㅏㅏㅏㅏㅏㅏㅏㅏㅏㅏ
1705,realpurple04,오 전문가
1706,skqlaoemq122,제발 힘내줘
1707,jju9988,김역배
1708,반디팬,시청자가 2000명도 없어
1709,탕큰,야근!!
1710,끝맺음,담동준 ㅋㅋ
1711,한방하,퀴? 3대2
1712,무지렁이먹는수달,ㄷㄱㄷㄱ
1713,bch7005,시청자수 왜이래 ??
1714,gkgkgkqk123456,아니 ㅋㅋㅋ 담민이들 억까하는건 정지 안주고 담원 억까는 정지주냐?
1715,geobjang2,결승은 3:0 티원 우승이야 ㅋㅋㅋㅋㅋㅋ
1716,iskayarevnar,꽉의 예감에 절망하는 퇴근 희망자들... 꽉나오려나?
1717,리리쨩다이스키,오늘은 치킨 1시간전에 시켯다
1718,23서울대정외,gdgdg
1719,마도공학포,담민이들 멸망 예정
1720,진짜몰라서물음,오
1721,쵸츠_,응 어짜피 우승 담원이야 ㅋㅋㅋㅋㅋㅋ 담원이 T1 젠지 이기고 우승해~~~~~~~~~~~
1722,googichan1020,@buds1234 담민이 어서와
1723,silersiler,t1팬인데 담원은 좀 힘듬
1724,dgw1914,어우
1725,공연무산,오 젠지
1726,showmaker_kkens_chovy,담원기아 파이티이이잉!
1727,바닷게,역배충 김동준
1728,UselessnessMan,젠지가 정배지
1729,신류지나가,여기는 박빙이네 ㅋㅋㅋㅋㅋ
1730,태어난_김에_사는_사람,0.7ㅐ니언
1731,myjgh1231,담민이들 ㅂㄷㅂㄷ
1732,카르다노1,젠지가 정배지 ㅋㅋ
1733,창바람,젠지>>>>> 담원
1734,rookie0917,같은배 ㅋㅋㅋㅋㅋㅋ
1735,정똬여니,흠
1736,minjoon414,3대2
1737,커피창고,오
1738,hanul227,강팀준
1739,일름보정예트수,젠지 승 ㅋㅋㅋㅋ
1740,the_counsul,아..... 그저 ^믿고거르삼^
1741,포켓몬홍보대사,당연히 젠지가 정배지 ㅋㅋ
1742,astemae,오 젠지
1743,isangeon123,누구든지 제발 skt만이겨라재발
1744,갓니코,젠>담
1745,꼬엿지,롤알못도 있네 ㅋㅋ
1746,빈달,아니 성캐님 오늘 머리 넘 이쁘세유
1747,bbqdj,젠지 정배?
1748,운석3240,ㅋㅋ
1749,_튀김만두_17,담민이들 멸말 ㅋㅋ
1750,prototype1023,젠지가 이길듯
1751,minwoo0869,젠지가 정배지
1752,푸와크,ㅋㅋㅋㅋㅋㅋㅋㅋㅋㅋㅋㅋㅋㅋ
1753,레이지니,오 젠지거의 몰표
1754,재기발라란활동가,3:2 담원승 간다
1755,gkslgksmfdl,오늘 젠지 이기고 T1 우승임 어차피
1756,kpneoguri,적당한거 온다
1757,naw1228,아틀라스 역배충 ㅋㅋ
1758,noizyvoice,감질나게 까네 ㅋㅋ
1759,키_엘,담원 어차피 질게임아님?ㅋㅋㅋㅋㅋㅋ
1760,strawberrybl0ss0m,젠지 승 많네 ㅋㅋ
1761,윤수빈팬,다 박빙예상하네
1762,kaon785,담원 이제 거품 다빠짐
1763,김떡봉,약 자 멸 시
1764,jwymj129,담틀러스 ㅋㅋㅋ
1765,순응_,ㅋㅋㅋㅋㅋㅋㅋㅋㅋㅋㅋㅋㅋㅋㅋ 담기 멸망
1766,whddls1225,젠지승 ㅋㅋㅋㅋ
1767,Cone0133,광고 미쳤냐
1768,asdfg4294,기대를 받는 젠지
1769,노믹스위애비,클 펠 레
1770,쿠팡팡쿠,콰욱
1771,junyoung2002,젠지가 정배지 ㄹㅇ
1772,얍플랭크,담민아 이게 현실이다ㅋㅋㅋㅋ
1773,오리고기는맛있어,울프
1774,two_or_zero,와
1775,탐욕아님,ㅋㅋㅋㅋㅋㅋ
1776,얄탁꾸리,역배또있네
1777,게임프랜드,그저 판독기아 ㅋㅋㅋㅋㅋㅋㅋ 그냥 젠지 압승이네 ㅋㅋㅋㅋㅋㅋㅋ
1778,썩음감자,어제  3:1이  역배일줄은
1779,아누아리자으나,캬
1780,곰보게임전문곰보,와 ㅋㅋㅋㅋㅋㅋㅋㅋㅋㅋ
1781,웅우융융,기대를 받은 젠지
1782,고교100년생,당연히 젠지지
1783,딩밍이,노랑색 물결 ㄷㄷ
1784,단_화,젠지가 ㅈ정배는 맞지
1785,솜지우,와 젠지 압도적이네
1786,티모먹는다람쥐,ㅎㄷㄷ
1787,fprince98,"앗,,,"
1788,혜윰알파,이야 젠-지
1789,arubarak,dkdkt
1790,tictvhtw,조나
1791,화_랑,와캬퍄
1792,승리토템,조나ㅋㅋㅋㅋㅋ
1793,마늘맛사탕,오우야
1794,찌아나따,오 젠지
1795,Vcoc2002,젠지가 쌉 정배지
1796,scienpr,아틀러스 검거완료
1797,차교야,오 ㅋㅋㅋ
1798,에따봉,캬
1799,_캬아,와
1800,하경잇,ㅋㅋㅋㅋㅋㅋㅋㅋㅋㅋㅋㅋ
1801,azmiris,와
1802,k87130,조나 역배충 ㅋㅋㅋㅋㅋㅋㅋㅋ
1803,pjw0425gp,ㅋㅋㅋㅋㅋㅋㅋㅋㅋㅋㅋㅋㅋㅋㅋㅋ 담원 멸망
1804,00년이문규,티 젠 전 가야지
1805,y2kssagaji,조나!!!
1806,코로나와,역배 ㅋㅋ
1807,꼬오북이,ㅋㅋㅋㅋㅋㅋㅋㅋㅋㅋㅋ
1808,lsrrokmv,와...
1809,1230qwer,ㅋㅋㅋㅋㅋㅋㅋㅋ
1810,조영남은화개장터,조나스트롱 남자다 ㅋㅋㅋ
1811,허니챈,수빈눈나!!!
1812,LumiSan999,grüße aus Deutschland nach Korea
1813,IREbina,이게 맞지 ㅋㅋ
1814,jju2799,젠지 3:1승 예상해봅니다
1815,saviors7551,?
1816,youtubgak,담틀러스
1817,marill671,담갈멸망 ㅋㅋ
1818,iskayarevnar,젠지가 정배긴 하지 도란이 제 폼만 찾는다는 전제하에
1819,sbean04,ㅋㅋㅋㅋㅋㅋㅋ
1820,회색나비,압도적 ㅋㅋㅋㅋㅋㅋㅋㅋㅋㅋㅋ
1821,feb121,ㅋㅋㅋㅋㅋ
1822,쵸비상182,ㅋㅋㅋㅋㅋㅋㅋㅋㅋㅋㅋㅋㅋㅋㅋㅋㅋㅋ
1823,qopals,ㅋㅋㅋㅋㅋㅋㅋㅋㅋㅋㅋㅋ 담민이들 오열
1824,분신챔삭제기원,ㅋㅋㅋㅋㅋㅋㅋㅋㅋㅋ 담기 멸망!!!
1825,리리쨩다이스키,3:0이지 ㅋㅋ
1826,3급기관사,캬
1827,erwin1174,ㄷ
1828,시크릿카이사,진짜 담원 멸망 그자체네 ㅋㅋㅋ 꼴 좋다
1829,ilikeit22,담원 욕하지마라 다 캡쳐해서 신고함
1830,골드마트,ATLUS 역배
1831,김회색,와...
1832,솔눈_,ㅈㄴ 스트롱
1833,showmaker_kkens_chovy,아틀라스 증명하자!!
1834,kimjihoa,종나 스트롱
1835,햄찌조,간나스트롱 ㄷㄷ
1836,용구보스,담민이들아 이게 현실이야 ㅋㅋㅋㅋㅋㅋㅋㅋㅋㅋㅋㅋㅋ
1837,skqlaoemq122,젠지준 ㅋㅋㅋ
1838,kurgal0903,느그스트롱
1839,마도공학포,담민이들 멸.망ㅋㅋㅋㅋㅋㅋㅋㅋ
1840,유니스트학고남,젠첩들 ㄷㄷ
1841,복숭아아메리카노,조나 ㅋㅋ
1842,은작화,아틸러스 ㄷㄷ
1843,반짱,안녕하세요 담갈 쳐발리고 담민이들 부들부들대는거 보러왔습니다 ^^
1844,사이뎁,ㅈㄴ스트롱!
1845,프드라,와 젠지 역배
1846,알알알얼얼얼,기대 받는 젠지 ㅋㅋㅋㅋㅋㅋㅋㅋ
1847,cshcsh12300,젠지가 정배지
1848,비단두람,담갈 ㅋㅋ
1849,태어난_김에_사는_사람,ㅋㅋㅋㅋㅋㅋㅋㅋㅋ
1850,봄을고하다,거의 젠지 압승인데
1851,의아앵,조나스트롱 ㅋㅋㅋㅋㅋㅋㅋ
1852,전절,젠지가 정배지ㅋㅋ
1853,gjehdrms2002,담민이들아 현실을 살어 ㅋㅋㅋㅋㅋㅋ
1854,calytine,젠지 vs 건부
1855,wanshangha0wanan,기대를 받는 젠지 ;;
1856,세최위파인,쵸오오오오오오비
1857,김김김군다비,드가자
1858,지나가던애청자,ㅋㅋㅋㅋㅋㅋㅋㅋ
1859,uijk11,와ㅋㅋㅋㅋㅋㅋㅋㅋㅋ
1860,qwas7010,다 젠지 ㄷㄷ
1861,카멜레온___,기대를 받는 젠지 ㄷㄷ
1862,욕심후후훗,5꽉 가즈아
1863,rich100sooo,담갈들아 정신이 들어?????
1864,UselessnessMan,역배 단 하나
1865,무지렁이먹는수달,이게현실이지 ㅋㅋㅋㅋㅋㅋㅋㅋㅋㅋ
1866,hanrabong1,압도적이네 ㅋㅋ
1867,sty155,담민이 부들부들
1868,나비버플,와....ㅠㅠ
1869,wlsrb032,조나 스트롱 개 롤잘알임
1870,낮뱅수호자,존나스트롱
1871,내서랍속의낡은상자,빠른 퇴근을 바라는 그
1872,guestrust,아틀러스 힙스터
1873,신여안,ㅋㅋㅋㅋ
1874,spiritofluna,엄대엄
1875,yup8229,atlus는 빨갱이임?
1876,chukbogi1,조나 ㅋㅋㅋ
1877,창바람,담민이 ㅂㄷㅂㄷ
1878,변격동사,ㅋㅋㅋㅋㅋ
1879,googichan1020,담원은역배
1880,nicomafu3,DK！！
1881,blackrobot7388,아틀럭스 역배
1882,포포봉6,조나 스트롱 ㄷㄷ
1883,우하님_,역시 조나스트롱 ㅋㅋㅋㅋㅋㅋㅋㅋ
1884,youtubgak,조나 역배충 ㄷㄷ
1885,sbone19,롤잘알
1886,ttt1go,담원 멸망 ㅋㅋ
1887,persia_0,와 이정도야?ㅋㅋㅋ
1888,겨울호,조나스트롱은 항상 3:0이네 ㅋㅋ
1889,manti12452,담틀러스 ㅋㅋㅋㅋㅋ
1890,rookie0917,3-1 역배
1891,공연무산,이게 정배 느낌이긴하다
1892,만신김성모,진세여ㅋㅋㅋ
1893,하루가존나김,대 상 혁
1894,트이어마이츠,기대를 받는 젠지? 이거 히트다
1895,모자상백환,담트콩 멸망 ㅋㅋㅋㅋㅋㅋㅋㅋㅋㅋㅋㅋㅋㅋㅋㅋㅋㅋㅋㅋㅋㅋㅋ
1896,핑크갸라도스,보통 이러면 역배임
1897,koreankimchneon,잠민이들 멸망 ㅋㅋㅋㅋㅋㅋㅋㅋㅋ
1898,nomchinese,담민아 정신이 들어?ㅋㅋㅋㅋㅋㅋㅋㅋㅋㅋ
1899,가인씨,롤붕쿤!!!
1900,대체로흐에하임,수빈이눈나
1901,khan0716,ㅈㄴㅅㅌㄹ
1902,샤크티비2,룰러스트롱 ㅋㅋ
1903,빠나나썅,13:1 ㅎㄷㄷ
1904,bradlee0816,조나스트롱 은 볼때마다 ㅈㄴ 웃기네
1905,jayrism,담갈들아 정신이들어..?
1906,아기엉재,캬
1907,rudtlr7012,젠지  또 너야?
1908,근이애오,울프?
1909,sangdochae,쵸비 없어도 지는데 쵸비 있이 어케 이기냐
1910,곰탱이밤탱이,담원팬분들.... 좀 서운할듯
1911,BDD1111,담민이ㅋㅋㅋㅋㅋ
1912,스터디유선12348,ㅋㅋㅋㅋㅋㅋㅋㅋㅋㅋ버돌때문에 어짜피 젠지가 이김;; ㅔ
1913,1번뽑았습니다,문열라고
1914,余傑陞,dk will lose?
1915,어둑신,담민이 컷!
1916,쵸츠_,담원 >>>>>>>>>>>>>>>>>>>> 젠지
1917,카르다노1,담원 기대를 안하네 ㅋㅋㅋㅋㅋ
1918,blackcrow12345678,울프가 그울프 아니다
1919,tjdgkr0719,악 당 등 장 !
1920,비마_,조나 크게 먹겠다!? ㅋㅋㅋㅋㅋㅋ
1921,rawpa0083,조나쎄
1922,dgw1914,이게 업셋이 되나?
1923,surrenderisdog,아틀러스 게이야 ㅋㅋㅋㅋㅋㅋㅋㅋ
1924,myjgh1231,아 롤갤 해설진 욕으로 도배되겠노 ㅋㅋㅋ
1925,tkekfl95,atlus 역배 달달하겠누
1926,아기엉재,아기엉재 subscribed with Prime. They've subscribed for 3 months! 
1927,호랑고양이,롤알못 한명있네
1928,키_엘,담원 거품다빠져서 못이기지 이제는 ㅋㅋㅋㅋㅋㅋㅋㅋ
1929,집가야돼,젠지가 정배긴 해
1930,요랑요한,역배 하나네 ㅋㅋㅋㅋㅋㅋㅋㅋㅋㅋ
1931,youtubgak,기대의 젠지
1932,자드가자드가자드가자,토요일 중계진이 더 좋은데 왜 맨날 바꾸냐...
1933,커피창고,hallo
1934,신류지나가,헐
1935,jju9988,담원 수준ㅋ
1936,wonbin4059,기대받았다 ㅋㅋ
1937,장의사만27년째,기대받은 젠지
1938,kingeunsu,담원 찢길준비 !!!
1939,정도연,아틀라스만 담원이야
1940,naw1228,솔직히 수준 차이 생각하면 3:0이 정배지
1941,침대야,노오오오랗노
1942,진존게못,기대를 받는 젠지
1943,dndql555,ㅋㅋㅋㅋ
1944,junyoung2002,담민이들아 이게 현실이야 ㅋㅋㅋㅋㅋ
1945,rkotomb,캬 압도적
1946,gkslgksmfdl,담원이 이긴다에 거는 애는 뭐임
1947,deepdarkrocket,기대받는 젠지 ㅋㅋㅋㅋ
1948,진영홍,담들담들거리겟노 이기 ㅋㅋㅋ
1949,lis0920,캬
1950,minjoon414,오늘 3-2로 느긋하게 맥주먹어야지
1951,클리스토리,이정도야?
1952,kijun3070,애초에 쵸비>쇼메 피넛=캐니언인데 담원이 어케이기냐
1953,가짜태양,실제로 조나가 아니라 존나임 jonna
1954,calintz304,젠지 기대컨 안하냐ㅏㅏㅏㅏㅏㅏㅏㅏㅏ
1955,맛스,ㅋㅋㅋㅋㅋㅋㅋㅋㅋㅋㅋㅋ
1956,raining37,와우
1957,eden12012,담민이들 오열 ㅋㅋㅋㅋㅋㅋㅋㅋㅋㅋㅋ
1958,모카엔치즈,담민이들아 받아들옄ㅋㅋㅋㅋㅋㅋㅋㅋㅋㅋㅋㅋ
1959,깨문다람쥐,칼퇴하고싶어서 저럼
1960,Aaa991206,와 이정도인가?
1961,바람일수,줸쥐가 압도적이긴 했지
1962,진짜몰라서물음,이정도가 맞아?
1963,게임프랜드,판-독-기-아 ㅋㅋㅋㅋ 그냥 젠지 압승~~~
1964,느그흥,담민이들 울겠따.
1965,티1파이팅,ㅋㅋㅋㅋㅋㅋㅋㅋㅋㅋㅋㅋ 담갈 멸망 ㅋ
1966,샤나메,기대를받는 젠지 ㄷㄷ
1967,hongjjoony7840,조나 ㅋㅋㅋㅋㅋㅋㅋㅋ스트롱????
1968,_강루이_,기대를 받는 젠지?
1969,nyk0227,담원 우승
1970,dwggod,에틀우스만 역베네 ㅋㅋㅋ
1971,dangerousmanlee,담민아.. 이게 세간의 평가야
1972,한포크,걍 정배는 젠지네
1973,모더레이션,ㅋㅋㅋㅋㅋㅋㅋㅋㅋㅋㅋㅋㅋㅋㅋㅋㅋㅋㅋㅋㅋㅋㅋㅋㅋㅋㅋㅋ
1974,일름보정예트수,11.4 ㅋㅋㅋㅋㅋㅋㅋ
1975,siqsiqwhgdk123,담민이 컷 ㅋㅋㅋㅋㅋㅋㅋㅋㅋ
1976,noizyvoice,886
1977,realpurple04,빛돌도 5꽉 예상
1978,메가니피,이게 담원 인식이지 ㅋ
1979,코코로뿅뿅이다,담원팬들 어디갔음?
1980,hrggg,전라도야?
1981,youtubgak,담트콩들 뭐냐
1982,dicee1121,5꽉 가나요?
1983,00년이문규,티 젠 결승 가자
1984,whddls1225,담갈 멸망 ㅋㅋㅋ
1985,korean_korea,샤이 젠지 많네 ㅋㅋㅋㅋㅋㅋㅋㅋㅋㅋㅋㅋㅋㅋㅋ
1986,원시젤리,쒯 ㄷㄷ
1987,23서울대정외,담민이 ㅋㅋㅋㅋ
1988,kaon785,캬아 ㅋㅋㅋㅋㅋㅋ 가망없다 담원
1989,학교1짱훈기,담원화이팅!
1990,클모춘장핡쏘쓰,기대 받은 젠지
1991,sbean04,정현누나 믿자
1992,scienpr,담딱이 컷
1993,대화앙슼,담원팬이긴한데 지금t1은 넘사다
1994,Geoning2,영붕
1995,골드마트,캐니언 보여줘!!!!!!!!!!!
1996,얄탁꾸리,체급만으로 보면 젠지가 위긴함 근데 변수가 있음
1997,지나가는사람352,이게 맞다
1998,sbc5186,에휴
1999,순응_,담민이 ㅂㄷㅂㄷ ㅋㅋㅋㅋㅋㅋㅋ
2000,킴블,담원의 시대 멸망 ㄷㄷ
2001,뭐라고할뻔,기대받는제ㅔㄴ지
2002,kksome,담 중 딱 !
2003,gkgkgkqk123456,담갈 ㅋㅋㅋㅋㅋㅋㅋ
2004,태어난_김에_사는_사람,ㅋㅋㅋㅋㅋㅋㅋㅋㅋ
2005,혜윰알파,5꽉 보고싶다
2006,マロマロ,담민이 오열 ㅋㅋㅋㅋㅋ
2007,uijk11,와 이정도구나ㅋㅋㅋㅋㅋㅋㅋㅋㅋㅋ
2008,4260sungg,압----------------도
2009,김김김군다비,아틀러스 원툴 담원
2010,바위게알탕,기대를 받는 젠지 ㅋㅋㅋㅋㅋㅋㅋㅋㅋ
2011,ariadeathyo001,ㅋ 담민이 컷 ㅋㅋㅋㅋ
2012,jwymj129,롤갤 서식하는 담민이들 멸망 ㅋㅋㅋ
2013,gjehdrms2002,담민이들아 현실이 보이냐 ㅋㅋㅋㅋ
2014,칸케이,쵸비 없을때도 이겻는데 멀 ㅋㅋㅋㅋ
2015,매하일,이게 현실이지
2016,아르토리아크,버 스 메 이 커 충들 컷 ㅋㅋㅋㅋㅋㅋㅋㅋㅋㅋㅋ
2017,gkglqk123,양대인 대단하다!
2018,갸미쨔응,담들담들;;
2019,창바람,압도적 비호감팀 담원 ㅋㅋㅋ
2020,리리쨩다이스키,현실을 받아드리지 못 하는 담민이 11퍼 ㅋㅋ
2021,진격해야했는데,젠지  기대받는중
2022,인페르노쉴드,기대받는 젠지? 불안하다
2023,페이갓,판독기아 현실
2024,진_미켈센,기대컨 실패 ㄷ
2025,lsrrokmv,기대를 받는 젠지 ㅋㅋㅋㅋㅋㅋ
2026,dmstn1776,젠지한테 다 걸자
2027,단백질도둑엄준식,수듄
2028,chukbogi1,할만한데? 버돌 각성
2029,dRiCiRis,담갈들 ㅂㄷㅂㄷ
2030,this1499,피넛이 케니언 말리면 끝이지
2031,느그원,담갈들 멸망 ㅋㅋㅋ
2032,gintoggi,이 정돈 아닌데...???
2033,핑크갸라도스,보통 이러면 토토는 역배뜸 ㄹㅇ
2034,prk100253,역배 가즈아
2035,곰탱탱,담원 모냐 멸망?
2036,변격동사,와 담원 팬 왜케 떨어져나갔냐 ㅋㅋㅋ
2037,strawberrybl0ss0m,이게 현실이긴함
2038,dbcldnjs9999,ㅉㅈ 담원준 ㅋㅋㅋㅋ
2039,ujun0248,기대를 받았다구????? 젠지가!!!1
2040,유닠,담원이 뭐야?
2041,아으응애,담민이 오열ㅋㅋㅋㅋㅋㅋ
2042,곰탱이밤탱이,어제랑 별반 차이가 없는데 이거...
2043,rookie0917,담원이 저정도로는 아닌거같은대 ㅋㅋ
2044,헬로우181818,담민이 예측 투표 몰라서 못함 ㄹㅇㅋㅋ
2045,프드라,1세트 담원이기면 ㅋㅋㅋ
2046,일단이즈궁씀,담원 팬이 대체 어디있냐고..
2047,허니챈,담원의 멸망인가 ㅠ
2048,게카789,9:1 ㅋㅋㅋㅋ
2049,복숭아아메리카노,담민이 오열 ㅋ
2050,minsung050812123456,젠지 이겨라
2051,파카의티모,난 왜 담원이이길거같지
2052,rookie9312,강팀준
2053,쵸댄,젠지팬 개많네
2054,꼬소하이쳐쥑이네,존나스트롱 저샛긴 머임?
2055,붕딹,오펠리아로 컷
2056,prototype1023,원딜 서폿 차이 너무남
2057,마도공학포,브리롱 잡고 티원에 비비던 담민이들아 이게 현실이다
2058,dgw1914,정규는 저게 맞는데 플옵 담원 개 쎔
2059,호옷호,담원 팬도 없는데 왤케 줘패냐 ㅋㅋㅋㅋ
2060,내주머니속장지환,담민이들 ㅂㄷㅂㄷ ㅋㅋㅋㅋㅋㅋㅋㅋㅋㅋㅋ
2061,_소롱,ㅋㅋㅋㅋㅋㅋ웃기네
2062,얏콜,이 결과는 실력도 실력인데 호감도도 반영한거임 극비호감팀 담원 ㅋㅋㅋㅋ
2063,myung0303,담민이들 ㅂㄷㅂㄷ
2064,왕만두조아,LCK : 10개의 팀이 2달간 엎치락 뒤치락 하다 결국 담원이 우승하는 리그 ㄹㅇ
2065,세최위파인,그저 판독기아ㅋㅋㅋㅋㅋㅋㅋㅋㅋ
2066,슝믹,기대젠지는 작년까지였음 ㅋㅋㅋㅋ 주영달이 개똥 싸고있을떄 ㅋㅋㅋㅋ 기대젠지는 작년까지였음 ㅋㅋㅋㅋ 주영달이 개똥 싸고있을떄 ㅋㅋㅋㅋ
2067,김때5,몇시시작입까
2068,조영남은화개장터,담원준 ㅋㅋㅋ
2069,베루즈,담민이들 현실부정ㅋㅋㅋㅋㅋㅋㅋㅋ
2070,모카엔치즈,ㅋㅋㅋㅋㅋ이게 현실이지 담민잼
2071,앙씨볼,담민이들 울러 갔습니다
2072,게임프랜드,담민이들아 이게 현실이야 ㅋㅋㅋ
2073,민정이겨울이,클템마렵다
2074,cshcsh12300,젠지가 지금은 우위지
2075,용구보스,담민이들아 이게 현실이야 ㅋㅋ 자위그만하고 받아드려 ㅋㅋㅋㅋㅋㅋㅋㅋㅋㅋㅋㅋ
2076,naw1228,담준이형 ㅋㅋ 형만 그렇게 생각해
2077,파게트,강퀴가 해설한다= 무조건 5꽉 ㅋㅋㅋㅋㅋㅋ
2078,하루가존나김,젠지가 이기겠네..
2079,wjswogussla,아 담준하 뭐하냐구-----
2080,김떡봉,버 호 버 호
2081,d56ef0,캐니언 얼마나 해줘야되는거냐ㄷㄷ
2082,아도히,동준이형.. 어제 그렇게 3:1 걸었다가 망했자너..
2083,니차욘따라락,첫라는 젠지에 건다
2084,googichan1020,도박장열음?
2085,트이어마이츠,기대를 받는 젠지
2086,mcangus18,속보)담민이 사망
2087,자연파마,기대를 받은 젠지라..
2088,맛스,판독기아는 절대 젠지 못이긴다
2089,Cone0133,전혀 안 치열할듯
2090,엔비디아는열린문,사장님 문열어 @#########
2091,wkdy12345,aa
2092,r3habuk,GENG ㅎㅇㅌ
2093,gkgkgkqk123456,3대떡임 걍 담원 ㅋㅋ
2094,함초롬체,"예언) 도란, 버돌 덜 똥싸는팀이 이긴다"
2095,kagundraca,"담원, 화이팅이다."
2096,korean_korea,샤이 젠지가 생각보다 많네 ㅇㅇ
2097,니얼굴엄복동,젠지가 정배인건 맞지
2098,余傑陞,showmaker world class
2099,4260sungg,담민이들: 이정도는 아닌데?  ㅇㅈㄹ ㅋㅋㅋㅋㅋㅋ
2100,kurgal0903,캐니언게이밍 ㅋㅋ
2101,gjehdrms2002,담민이들아 이게 현실이다ㅋㅋ담민이들아 이게 현실이다ㅋㅋ담민이들아 이게 현실이다ㅋㅋ담민이들아 이게 현실이다ㅋㅋ담민이들아 이게 현실이다ㅋㅋ
2102,shoemaker155,캐니언이 중앙이네 ㅋㅋㅋㅋㅋㅋㅋ
2103,scienpr,설마 기대받는 젠지가??
2104,게임좀켜세요,세체미 결정전 ㄷㄷ 세체미 결정전 ㄷㄷ 세체미 결정전 ㄷㄷ 세체미 결정전 ㄷㄷ
2105,한국뚝배기,바로 오펠선에서 컷!
2106,한포크,오늘 담갈들 화력 좀 볼까 포인트 좀 먹어보자 역배로 좀 걸어라
2107,dm1504,캐니언게이밍 ㅋㅋㅋㅋㅋㅋㅋㅋㅋㅋㅋㅋㅋㅋㅋ
2108,곰보게임전문곰보,'한번도'
2109,찌붕이,캐니언 게이밍 ㅋㅋ
2110,sspn2,기대를 쥰내게 받아버리는 젠지 ㅋㅋㅋㅋ
2111,우기기대장,오늘 젠지 기대 받아서 진다
2112,gkslgksmfdl,정확하네 ㅋㅋ 팬들이나 해설쪽이나 9대1이 정배네
2113,seoul_tech,기대를 받는 젠지vs준우승의 쵸비
2114,시간콜,어제는 치킨 왔는데 끝났는디...오늘은 과연...
2115,whlthd1d,하.... 담준이형--
2116,_미루나,담원 센터 캐니언이네
2117,책읽기좋은시간,오펠리아한테 밀린 담원에게 뭘 기대하겠에ㅋㅋㄲ
2118,taerin232,캐니언이 가운데네 ㅋㅋㅋㅋㅋㅋㅋㅋ
2119,tommyty135,건부
2120,qopals,이제 쇼메 가운데도 못있네
2121,chukbogi1,쵸비 vs 캐니언
2122,소니어디가,모두들 하이하이
2123,ujun0248,캐니언게이밍 ㄷㄷㄷㄷㄷㄷ
2124,seh1207,제발 젠지가 이겨라
2125,00년이문규,GEN.G VS T1 Finals
2126,왕만두조아,LCK : 10개의 팀이 2달간 엎치락 뒤치락 하다 결국 담원이 우승하는 리그 ㄹㅇ
2127,nomchinese,담민아 정신이 들어?ㅋㅋㅋㅋㅋㅋㅋㅋ
2128,tnsqja6,결승전의 젠지
2129,셔틀아니다,플옵 담원이 쎈게 아니지 그냥 담원이 강할때 플옵이긴거지 지금처럼 못할때는 ㅋㅋ
2130,1230qwer,0.7ㅐ니언 게이밍
2131,youtubgak,기대의 젠지
2132,마왕님의전쟁노예,젠지에 올인 ㅋ
2133,얄탁꾸리,탑 변수가 너무 크다 벽돌손에 달렸다
2134,naw1228,그저 강팀판독'기아' '쵸없젠'
2135,게임프랜드,판독기아 ㄷㄷㄷㄷㄷㄷㄷ 캐니언게이밍 ㄷㄷㄷㄷ
2136,nemosemo486586,결승의 쵸비는 누구나 막지만 준결승의 쵸비는 아무도 못막지..
2137,세최위파인,^쵸비없어도짐^
2138,갤럭시버드,담갈들 수준 ㅋㅋ
2139,oceanfit3499,쵸비  vs 캐니언
2140,폴리곤님,개쌉노잼 젠지학살 ㅋㅋ
2141,신여안,ㅋㅋㅋ
2142,불꽁,ㅇㅅㄴㅅ
2143,자연파마,@왕만두조아 저 결과를 봐도 이런 소리를 하네 ㅋㅋㅋㅋㅋ
2144,창바람,담원은 코로나인데도 지네 ㅋㅋ
2145,baekdoomountain,담민이라는 애들은 155.7 그분들이냐 ㅋㅋㅋㅋㅋㅋㅋㅋㅋㅋㅋㅋㅋㅋ
2146,아르토리아크,캐니언게이밍 ㄷㄷㄷ
2147,금빛인장,ㅇㅅㄴㅅ
2148,UselessnessMan,ㅇ ㅅ ㄴ ㅅ
2149,모카엔치즈,케년게밍ㅋㅋㅋㅋ
2150,리리쨩다이스키,코로나빨도 못 받는 담원 ㅋㅋ
2151,오리고기는맛있어,쌩
2152,이호진0516,젠지 이겨라!!!!!!!!!!!
2153,raining37,쇼메가 제 기량만 찾아 있고 덕켈이 잘해주면 가능하긴한데
2154,헬로우181818,웅 담원이 이겨~
2155,단_화,넛신이 캐년보다 잘함 ㅇㅇ
2156,nyk0227,쵸비없이 이겼다고???
2157,특수효과,서로 죽일때까지 싸워라
2158,bamboobam1,쵸비 없이도 이김?
2159,엔난나,오펠리아 >>>>> 난쟁이 ㅋㅋㅋㅋㅋㅋㅋㅋㅋㅋㅋㅋ
2160,wipder,그러니까 주장이 캐니언이죠??
2161,scienpr,0.7ㅐ니언 게이밍 ㅎㅇㅌ
2162,gkgkgkqk123456,페이커>쵸비>쇼메
2163,마귀근육인,꿀잼 !!!!
2164,변격동사,선거방송 on
2165,지는꽃,의미없는 브리온 전 지표는 왜 보여주는거임ㅋㅋ
2166,그림자의달,2판다 3꽉이었구나
2167,아라리아리,오늘 담민이 멸망의 날인가
2168,내주머니속장지환,담원? ㅋㅋㅋㅋㅋㅋㅋㅋㅋㅋㅋㅋ 젠지를 넘는다고? 오펠리아 부터 이기고 와라 ㅋㅋㅋㅋㅋㅋㅋㅋㅋㅋ
2169,일단이즈궁씀,아니 담원 팬은 없고 깔려고 만든 까들만 모였는데
2170,哈們凡人,把朋友還我 季後賽
2171,koreankimchneon,쵸없젠한테 개발리노 ㅋㅋㅋㅋㅋㅋㅋㅋㅋㅋㅋㅋ
2172,enzoeeeeeee,젠지 3:0 예정
2173,진영홍,건부 그만 고장내라 퍼스트다 쇼메야
2174,yujunghee82,젠지팬이 많다기보다 담민이들이 까를 너무 많이만들었지
2175,zzimh,페이커가 낳냐?? 쵸비가 낳냐?????
2176,noizyvoice,건부 ㄷㄷ
2177,Cone0133,대체 뭐가 치열할거같다는거? 2군한테 진거 삭제된거?? ㅋㅋ
2178,야시장,이래도 0.7은 안 나오네 080도 안 나오네
2179,saniramge,ㅇㅅㄴㅅ
2180,hanrabong1,ㅇㅅㄴㅅ
2181,믿거롯,ㅇㅅㄴㅅ
2182,rookie0917,넛신 vs 케니언 게이밍
2183,하지않겠나,ㅇㅅㄴㅅ
2184,문치,캐니언승
2185,Erzex4,ㅇㅅㄴㅅ
2186,the_counsul,아..... 그저 ^음흉^ ^믿고거르삼^
2187,3급기관사,ㅇㅅㄴㅅ
2188,nyarlathotep343,ㅇㅅㄴㅅ
2189,brilliantwg,신 대 신
2190,y2kssagaji,ㅇㅅㄴㅅ
2191,prk100253,ㅇㅅㄴㅅ
2192,ujun0248,ㅇㅅㄴㅅ
2193,_미루나,역시넛신
2194,jwymj129,ㅇㅅㄴㅅ
2195,금빛인장,ㅇㅅㄴㅅ!
2196,magirang,ㅇㅅㄴㅅ
2197,조영남은화개장터,ㅇㅅㄴㅅ
2198,realpurple04,캐년 무섭
2199,jhjin1994,ㅇㅅㄴㅅ
2200,조소린,역시넛신 vs 캐리머신 라임 오지네
2201,고로켄안대지,ㅇㅅㄴㅅ
2202,엘림19,ㅇㅅㄴㅅ
2203,비유하자면,그갈들만 부정하는 국 대 정 글
2204,jjuwon_,담원화이팅
2205,주식으로학식먹을나이,담원준 ㅋㅋ
2206,김김김군다비,정글게임이노 걍
2207,ivejangwonyoung,담원 3-젠지 0
2208,snape_31,ㅇㅅㄴㅅ
2209,히어로닥템,젠지 파이팅!
2210,카디널쿤,ㅇㅅㄴㅅ
2211,얄탁꾸리,웅장하다 캐 피 ㄷㄷ
2212,자시스,ㅇㅅㄴㅅ
2213,에따봉,역시넛신 !
2214,아이어아이어에,ㅇㅅㄴㅅ
2215,_소롱,ㅇㅅㄴㅅ
2216,_강루이_,ㅇㅅㄴㅅ vs 캐리머신
2217,밍시가캐리했구마,젠지가 이기지
2218,bradlee0816,개잘만들었네 이가
2219,태어난_김에_사는_사람,ㅇㅅㄴㅅ
2220,아르토리아크,쵸비없는 젠지한테도 발려놓고 뭘 이긴다고 박박우기냐 잼민이들아 ㅋㅋㅋㅋㅋㅋㅋㅋㅋㅋㅋㅋㅋ
2221,요랑요한,ㅇㅅㄴㅅ
2222,hyunjin6022,ㅇㅅㄴㅅ
2223,OyoSung,ㅇㅅㄴㅅ
2224,dm1504,페이커>쵸비>라바>오펠>>>>쇼메
2225,은혜님_,ㅇㅅㄴㅅ
2226,레알엠케,ㅇㅅㄴㅅ
2227,ggomnamu,ㅇㅅㄴㅅ
2228,상자님,ㅇㅅㄴㅅ
2229,sweetbutterring,다먼은 킹구리 델고오기전까이 안댐
2230,깨문다람쥐,오펠리아가 쵸비보다 잘해서 그럼
2231,찌붕이,넛신 정도면 캐년이랑 비비지않냐
2232,seguking,쇼매도 서드여 ㅋㅋㅋ
2233,붕딹,ㅇㅅㄴㅅㅋㄹㅁㅅ
2234,세최위파인,캐니언게이밍ㅋㅋㅋㅋ
2235,피버흥해라,피캐 룰덕 쵸쇼면 진짜 치열한거같은데 젠지쪽에 몰리네
2236,창바람,오펠리아 >>>>> 쇼메
2237,장의사만27년째,ㅇㅅㄴㅅ
2238,책읽기좋은시간,응 담원 저 지표 전부 약팀들이 상대
2239,탐욕아님,그래도 정글은 캐니언이 잘하긴함
2240,00년이문규,젠지 화이팅
2241,geobjang2,ㅇㅅㄴㅅ vs ㅋㄹㅁㅅ ㅋㅋㅋㅋ
2242,jperon1,ㅇㅅㄴㅅ
2243,모자상백환,ㅇㅅㄴㅅ
2244,UselessnessMan,ㅇㅅㄴㅅ!
2245,그을린워터,ㅇㅅㄴㅅ
2246,myjgh1231,크 ㅇㅅㄴㅅ
2247,솜지우,ㅇㅅㄴㅅ
2248,트이어마이츠,ㅇㅅㄴㅅ
2249,bbqdj,사실상 젠지 대 캐니언이지
2250,_하눌,ㅇㅅㄴㅅ
2251,knbang1204,ㅇㅅㄴㅅ
2252,초코파이27,ㅇㅅㄴㅅ
2253,_효삼_,ㅇㅅㄴㅅ
2254,지붕뚫고,(울컥) 담원의 시대가 끝났습니다 (울컥 우울컥)
2255,지나가는사람352,5꽉가겠네
2256,4260sungg,ㅇㅅㄴㅅ vs 0.7
2257,dbranekt,ㅇㅅㄴㅅ
2258,aqua988,LCK 최고의 정글 2명이지
2259,렌고쿠3쿄쥬로,역시넛신
2260,헬로우181818,젠지 1옵션 피넛
2261,ChrolloLives,ALGUIEN DE TABASCO
2262,manti12452,ㅇㅅㄴㅅ
2263,모카엔치즈,ㅇㅅㄴㅅ
2264,분신챔삭제기원,쵸없젠한테 개쳐발린팀 ㅋㅋㅋ
2265,_튀김만두_17,담기 멸망
2266,AngslA76,ㅇㅅㄴㅅ
2267,욕심후후훗,캐니언게이밍
2268,scienpr,"자르반 0.7세, 0.7ㅐ니언"
2269,노력중입니다,그저 캐니언 게이밍
2270,baekdoomountain,젠지 담원 3:0 젠지 우승 슼 전승 준우승ㅋㅋㅋㅋㅋㅋㅋㅋㅋㅋㅋㅋㅋㅋㅋㅋ
2271,lind1127,ㅇㅅㄴㅅ
2272,Cone0133,그니까 정글만 막으면 끝이잖아 ㅋㅋㅋ
2273,골드마트,캐니언상대로 카정?
2274,맹길이부활,ㅇㅅㄴㅅ
2275,녹우당,영상 신기하네
2276,Neptune_3300,ㅇㅅㄴㅅ
2277,신여안,ㅋㅋ
2278,바람일수,정글 3황
2279,김회색,불 좀 꺼줄래ㅐㅐㅐ
2280,boon0414,캐년 0.7  자르반
2281,silersiler,대니언
2282,매우매운새우깡,황 니 언
2283,단_화,진짜로 넛신이 캐년보다 잘한다
2284,호롱호로롱,1깃2창
2285,소심한무말랭이,와~
2286,zzzzak728,응 오늘은 캐니언이 피넛 개 젖 바를거야 ^^
2287,학교1짱훈기,담원화이팅!
2288,nike1964,오펠리아>>>난쟁이
2289,qqqqqwerq,캐니언게이밍 ㄷㄷ
2290,에따봉,@kangjiung0310 뭔 개ㅈㄹ임 넛신이 압도적인데
2291,whddls1225,케니언게이밍
2292,jwymj129,0.7ㅐ니언 ㅋㅋㅋㅋ
2293,꼬마사서,0.7
2294,은작화,황니언
2295,불꽁,확대하니까 진짜 몰품없네 ㅋㅋ
2296,gmk5422,gmk5422 subscribed with Prime. 
2297,blackrobot7388,정글은 캐년이 원탑이긴한데 젠지가 다른데가 더 세지
2298,순응_,@zzimh 자꾸 낳긴 뭘낳아 맞춤법 공부좀 하고와
2299,persia_0,몇몇 애들이 문제지 담원 응원하는 애들 전체를 싸잡아서 담민이 거리는게 문제야 문제
2300,suyomi22,0.7ㅐ니언 ㅋㅋㅋ
2301,커피창고,부끆곰은 사람을 찢어!
2302,haggu1234,쵸오비
2303,현성스,0.7케니언
2304,nicomafu3,DK!!
2305,kksome,캐니언팀
2306,dkesjung,쌋지만 또 싼다~
2307,캬루캬룽,이건 누가봐도 쵸비 승이지
2308,kurgal0903,쇼쵸대전 ㅋㅋ
2309,_소롱,건사찢
2310,일방통행_,와 ㄷㄷ
2311,얄탁꾸리,대황메이커
2312,hanrabong1,와
2313,앙씨볼,담민이들 이악물고 담원3 젠지0 이러네
2314,freetempo5,녹턴은 진짜 예전 챔픈데 겁나 잘만들었다
2315,9ambleuniverse,0.7K anyon 원툴팀! 0.7K anyon 원툴팀! 0.7K anyon 원툴팀! 0.7K anyon 원툴팀!
2316,fjfjtnrkkd,어차피 롤드컵 우승은 LPL ㅋㅋㅋㅋㅋㅋㅋ
2317,함초롬체,황메이커 ㅋㅋㅋㅋㅋㅋㅋ
2318,bradlee0816,2분에 700이누 ㅋㅋㅋㅋㅋ
2319,myjgh1231,와 엄대엄이노 ㅋㅋㅋ
2320,00년이문규,쵸오오오비 vs 쑈오오오메이커 ㄷㄷ
2321,프드라,갓쇼메
2322,조영남은화개장터,29:25 ㄷㄷㄷㄷ
2323,행군대열,재밌다
2324,chukbogi1,캬
2325,Surrender_Coach,20담원은 걍 물로켓임 ㅇㅇ
2326,raining37,@baekdoomountain 그건 아닌듯 티원 우승일거 같음
2327,부농해,이야
2328,koreankimchneon,쵸오오ㅗ오비
2329,수리리리링,5꽉가자~
2330,헬로우181818,^무^
2331,아누아리자으나,무관
2332,복숭아아메리카노,앜
2333,여러상아,쵸비도 음 애매해
2334,아르토리아크,20 물로켓 ㅋㅋㅋ
2335,realpurple04,다전제 경험 쩌네
2336,noizyvoice,갓메이커 ㄷㄷ
2337,gkslgksmfdl,담원 탑원딜서폿이 폐급임
2338,azmiris,ㅋㅋㅋㅋㅋㅋㅋㅋ
2339,진영홍,뭐가 흥미롭노 ㅋㅋ
2340,scienpr,쵸오오오오오오오비
2341,삼겹살엔쏘주죠,앍
2342,strawberrybl0ss0m,오
2343,내서랍속의낡은상자,진짜 이게 라이벌이지
2344,진짜몰라서물음,대 황 메 이 커
2345,yjs03,케스팤ㅋㅋㅋㅋㅋㅋㅋㅋㅋㅋㅋㅋㅋㅋㅋㅋㅋ
2346,피버흥해라,그리핀때지 ㅋㅋ
2347,겨드렁이,한화시절 ㅋㅋㅋ
2348,wjdwlsdn1849,쇼쵸대전 ㄷㄷ
2349,the_counsul,^무관^
2350,youtubgak,엄대엄
2351,4260sungg,응 너구리빨 ~~~~~
2352,얏콜,쵸비 앞에서도 캐리픽 할수있음 해보던가 ㅋㅋ
2353,Astrap2,그리핀 쵸비 ㄷㄷ
2354,람머스와아무무,솔직히 담원 잘했으면 좋겠는데 담민이떄문에 젠지가 이겼으면 좋겠다 ㅋㅋ
2355,s4ms0nite,플레이 메이킹 메이커!!!!
2356,곰보게임전문곰보,이제 쵸비한테 못이기겠네 ㅋㅋㅋㅋㅋㅋㅋㅋㅋㅋㅋ
2357,whlthd1d,4대정글 캐 넛 엄 오
2358,태어난_김에_사는_사람,엄대엄
2359,sleepwantsme,그리핀 시절에 뚜까패다가 담원 전성기시절에 뚜들겨맞음
2360,호두아몬드율무차맛있어,한화끼고 저정도 ㅋㅋ
2361,픞듣,개 좋비 ㅋㅋ
2362,brilliantwg,쵸비 그리핀 시절
2363,hobak11,그리핀시절 ㄷㄷ
2364,응애독타,응 또 흐름 바꼈어
2365,_튀김만두_17,캬 쵸비
2366,맹길이부활,킹쵸비!!
2367,모카엔치즈,무관행동
2368,mandoooooooo,그땐 한화였잖아ㅋㅋㅋㅋ
2369,송이버섯섯,하놔때
2370,닭갈비는맛있다,응 팀빨
2371,zzimh,페이커가 낳냐??? 쵸비가 낳냐???
2372,네오티니,팀차이 ㅋㅋㅋㅋㅋㅋㅋㅋㅋㅋ
2373,비유하자면,그클린팬 ㄷㄷㄷㄷㄷㄷㄷ
2374,왕만두조아,LCK : 10개의 팀이 2달간 엎치락 뒤치락 하다 결국 담원이 우승하는 리그 ㄹㅇ
2375,hong060728,오
2376,깨문다람쥐,난쟁이>>>>>>>>>멸치
2377,_캬아,한화시절 ㅋㅋㅋ
2378,showmaker_kkens_chovy,크 역시 쇼메 쵸비
2379,tjdgkr0719,아직도 쵸비 우승컵 없음? ㅋㅋㅋㅋㅋㅋㅋㅋㅋㅋㅋ
2380,yh3lee,빵 빵 빵
2381,은작화,키야 cs1등
2382,리리쨩다이스키,^무^
2383,창바람,너구리빨 담원기아
2384,류분,대황메이커
2385,이호진0516,젠지 기대하지마 X발련들아 젠지 지는거 보고싶나
2386,세최위파인,너구리 베릴빨ㅋㅋㅋㅋ
2387,자연파마,담민이 젠첩들 싸우는 거 볼만하네
2388,이러다다주거,쇼쵸대전ㅋㅋㅋㅋ
2389,dbranekt,씨에수왕
2390,minjoon414,한화의 기운..
2391,candy_flavor,젠지가 정배임
2392,antec1357,으아아아아아악! 플레이메이킹메이커!!!!!!!
2393,불꽁,지표의 신 ㅋㅋㅋ
2394,zzzzak728,'유관'  ㅍㄴ '무관'
2395,saniramge,진짜 라이벌 ㄷㄷ
2396,nyk0227,팀말고 개인기량은 쵸비지
2397,rookie9312,그리핀때 drx때 ㅋㅋ
2398,pyk0110,오늘 담민이들 눈물 흘릴 준비됐나~?
2399,justinkim524,담민이 개!234새끼들때매 담원 싸잡아 욕먹네
2400,이홍삭,^무^
2401,킹쵸비_,엄대엄
2402,yup8229,팀바뀌니까 바로 쳐발리는 쇼ㅕ메이커 클라스 ㅋㅋ 쇼메팬인데 진짜 개 화난다
2403,snape_31,한화시절을 비교하냐 ㅋㅋㅋㅋ
2404,게임좀켜세요,쇼쵸대전 ㄷㄷㄷㄷ
2405,야시장,전적만 보면 쇼메가 앞서는데 현재폼은 초비가 훨 낫지
2406,manti12452,쵸오오오비이이ㅣ이
2407,marill671,한화시절 쵸비랑 겨우 비비던 쇼메 ㅋㅋㅋ
2408,그르르사생팬128호,딱 무관중 시즌 되면서 부터 그 미드가 앞서네 ㅋㅋㅋ
2409,솜지우,서울대 쵸비 ㄷㄷ
2410,엄기준,자꾸뭘낳아
2411,얄탁꾸리,쇼메가 이기고 있네 오피셜 ㄷㄷ;;;
2412,차차7777777,담게이 졋지 느그메이커를 쵸비에 비빌수있나 ㅋㅋ
2413,헬로우181818,^무^
2414,baekdoomountain,젠지 우승 3대떡 슼 전승 준우승 피눈물ㅋㅋㅋㅋㅋㅋㅋ
2415,대구청,ㅋㅋ
2416,Surrender_Coach,^무^
2417,철면쑤심,응2어우8ㅡㅋ
2418,chukbogi1,쵸비 다 1위노 ㅋㅋㅋㅋㅋ
2419,아이셔소다맛,결승 전의 쵸비는 무적이다
2420,shwlgnsw,대 황 비 ㅋㅋ
2421,Cone0133,ㄹㅇ 팀빨 이제 압도할듯 ㅋㅋ
2422,끼유우,피지컬원탑
2423,sbc5186,20담원 물로켓?티원은 20년 롤드컵 쳐 나오지도 못했는데
2424,쵸댄,왤케 싸움ㅋㅋㅋ
2425,fprince98,지표 도랏 ㅋㅋㅋ
2426,lkm000212,도박장 언제열어
2427,곰카콜라1,비스타 ㅠㅠ
2428,iamboy2000,판정 사기네
2429,털장갑낀메시,진짜 ㅋㅋㅋㅋ 팀빨은 너무하네
2430,23서울대정외,ㅋㅋ캬캬캬캬
2431,알리다리,저때 쵸비 벡스 진짜 미쳤지
2432,jimmy60909tw,11111
2433,ggomnamu,와 쵸비 지표 지린다
2434,noizyvoice,암살자 벡스 ㄷㄷ
2435,bbqdj,서울대 미드 쵸비
2436,UselessnessMan,쵸오오오오비비이이이이이
2437,파게트,쵸비= 결승전 이전까지는 패왕 ㅋㅋㅋㅋㅋ
2438,nomchinese,대 황 비
2439,jerry8016,진짜 쵸비 지표하나는 좋다
2440,트럴킴,영상 잘만들었네 ㅋㅋㅋㅋㅋㅋㅋ
2441,송이버섯섯,쵸현진시절
2442,접속중입니다,'이제부터 서로 죽여라'
2443,닭갈비는맛있다,팀차이야~~~~
2444,21세,기대 안받는다고 우승하는 팀이였으면 작년에 우승했음 젠지는ㅋㅋ
2445,00년이문규,그저 쵸오오오비이이이
2446,노력중입니다,벡스 귀엽다
2447,모카엔치즈,응 너굴 캐년 베릴빨 ㅋㅋㅋㅋㅋㅋㅋ
2448,gkgkgkqk123456,담원7ㅣ아 ㅋㅋ
2449,ares8359,무관미드 vs 퇴물미드 과연 승자는 ^^오^^
2450,방구석라이프,어?쩔
2451,loonasocialedu,무이로콥터
2452,_튀김만두_17,ㅇㅉ코르키
2453,대려화,엄르키 ㅋㅋㅋㅋㅋ
2454,101oi,저렇게 잘하는데 왜 무관인가요(진짜모름)
2455,안__녕,쵸비 지표는 ㄹㅇ넘사긴하네
2456,세계정복자,병헌아 사랑해
2457,허니챈,코버지!!
2458,아르토리아크,서울대 미드 ㄷㄷ
2459,문치,레 고
2460,왕만두조아,LCK : 10개의 팀이 2달간 엎치락 뒤치락 하다 결국 담원이 우승하는 리그 ㄹㅇ
2461,一中二病患一,Chovyyy
2462,수발공,쵸르키
2463,징글징글벨,우승이 쉽나.. 토트넘도없는데
2464,cysku,오
2465,컹콩이,비비
2466,hobak11,데프트 레고 ㅋㅋ
2467,dm1504,엄
2468,zzzzak728,^무관^
2469,luxurybody1234,개 똥 혁 견들 또 쵸비 억까하니?
2470,t29w782,코르키 ㅋㅋㅋㅋ
2471,순다다당당,ㄱㅇㅇ
2472,nyung608,담원 젠지한테 뭐 되긴되나
2473,들어가슈,캬
2474,griphisyup,응 쇼메는 항상 캐년 있었음 ㅋ
2475,myung0303,죄다 1위노
2476,할머니리어카부수는라단,무르키
2477,은작화,이야~
2478,yh3lee,ㅋㅋㅋ 코르키 얼굴 ㅋㅋㅋ
2479,freetempo5,굳이 억텐으로 스타 안만들어도 쵸비 케리아 제우스 캐니언 보면 알아서 실력이랑 스타성 있는 애들 나오는데
2480,눈나눈나나죽어,죄다 1등이네
2481,khb008211,20물로켓때 롤드컵도 못나간팀ㅋㅋ
2482,私の宿命,무관중왕 쳐비
2483,sugasugaroon,ㄷ
2484,뿌슝빠숭,쵸비  지표  원툴
2485,아누아리자으나,쥐커드
2486,내걸보면기겁하고도망갈껄,코르키 확대 웃기네
2487,붕딹,엄
2488,bsh2012,쇼메는 지표가없누 ㅋㅋㅋ
2489,realchidang,벡스 궁 몇번 쓴거냐?????
2490,ljj0717,ㄹㅇ 슼팬이지만 쵸비 라인전 하나는 진짜 1황 맞는듯
2491,시간콜,이게 잼있누...
2492,갓니코,vs 브리온 지표 ㅋㅋ
2493,s4ms0nite,무관 중 왕 ㅋㅋㅋㅋㅋ
2494,고경근,솔킬1등 페이트라그러던데 모지
2495,야시장,담원은 1.5젠지에게도 졌잖아
2496,바이올렛6,담트콩들 오늘 지면 맞아야겠지?
2497,일치로_,^지표도르^
2498,erwin1174,와
2499,파솔솔,오늘 젠지에 올인간다
2500,crackersbell,GenG 3-1 DK
2501,Surrender_Coach,20담원=물로켓 그냥 롤드컵 1회따리 ㅇㅇ
2502,커리조아,쇼메는 순위 안넣어주넼ㅋ
2503,떵꾸멍,오늘 담원 개탈탈 털리는날이네 ㅋㅋㅋ
2504,blackrobot7388,초비야 우리 돈빈이형 롤컵한을 감독으로라도 풀어다오
2505,응애독타,쇼메 지표딸도 못하네 ㅋㅋ
2506,콧구멍살인마,플옵 결승엔 존재감이없지;;ㅋㅋ
2507,월다_,저런선수가 어떻게 무관
2508,송이버섯섯,쵸비의 요네좀보고싶다
2509,fullinlove486,쇼메 끝 ㅋㅋㅋ
2510,게임좀켜세요,그래픽 진짜 구리네
2511,cutedong,누가이김요
2512,엔난나,난쟁이 벌써 끝? ㅋㅋㅋ
2513,jwymj129,항 러
2514,rlatlgus8810,드가자!
2515,gosuccess12,16대 3ㅋㅋㅋ
2516,04__23,쵸비특) 결승전 똥쟁이@ 쵸비특) 결승전 똥쟁이@ 쵸비특) 결승전 똥쟁이@ 쵸비특) 결승전 똥쟁이@ 쵸비특) 결승전 똥쟁이@
2517,옴아린,느으그으혀억 ㅋㅋㅋㅋ
2518,진영홍,쑈우뭬이커가 해내고 있습니다ㅏㅏㅏㅏㅏㅏ (울컥 울컥)
2519,바위게알탕,쇼메는 왜 넘기냐? ㅋㅋㅋㅋㅋㅋ
2520,욕심후후훗,황러
2521,일름보정예트수,DK는 좀...
2522,모자상백환,ㅂㅌㅊㅇ
2523,넥윈,오늘 역체미 누군지 결판 나는날이죠?? 오늘 역체미 누군지 결판 나는날이죠??오늘 역체미 누군지 결판 나는날이죠??
2524,kurgal0903,바텀차이 너무 심한데 ㅋㅋ
2525,hanrabong1,룰 러
2526,ggomnamu,황러 황러
2527,nyarlathotep343,룰 황
2528,조영남은화개장터,자갓
2529,옴라가스,빈집 시즌 7패한팀 ㄷ ㄷ
2530,noizyvoice,바텀차이?
2531,youtubgak,황러
2532,맹길이부활,16:3 ㅋㅋㅋㅋㅋㅋ
2533,00년이문규,덕켈 vs 룰리 ㄷㄷ
2534,곰보게임전문곰보,룰러 덕담 인간상성 아니냐? ㅋㅋㅋㅋㅋㅋ
2535,cysku,문제는 트페 제외하고 쵸비상대로 하나도픽 못함
2536,Cone0133,미드 제이스 또 해봐 터트려줄게 ㅋㅋ
2537,아이셔소다맛,차이 엄청나네
2538,바홍_,오
2539,UselessnessMan,ㅂㅌㅊㅇ
2540,fprince98,인간 상성 ㄷ
2541,렌고쿠3쿄쥬로,대황러
2542,로시데레,룰러엔딩
2543,shwlgnsw,데욱담
2544,qeyhdj1727,진재승언제오냐
2545,메인라인,쇼메는 왜케 빨리 끝나나요?
2546,모카엔치즈,ㅈ담ㅋㅋㅋ
2547,람머스와아무무,어떻게든 띄워줄려고 브리온지표 보여주네 ㅋㅋㅋㅋㅋㅋㅋㅋ
2548,세이버02,이건 룰러제
2549,kimjihoa,팀차이 ㅋㅋㅋㅋ
2550,21세,오늘 19:3 될 예정
2551,absolute0705,dk가 이기냐??
2552,레알엠케,쇼메는 이게 끝?
2553,sub0411,라인전하나는 기가막힘
2554,ares8359,아니 라인전 이기면 뭐함? ^무^관 인데요 ㅋㅋ 쵸갈들아
2555,왕만두조아,LCK : 10개의 팀이 2달간 엎치락 뒤치락 하다 결국 담원이 우승하는 리그 ㄹ
2556,공연무산,덕해분 룰러
2557,naw1228,^16:3^ ^쵸없젠^
2558,rookie0917,제리 밴이네 ㅋㅋㅋ
2559,bradlee0816,황 러
2560,단_화,덕담은 그냥 Top5에도 원딜 올리기 힘들어
2561,silersiler,제리한판ㅋㅋ
2562,jabongtl,16:3????
2563,루네아_,제일 재밌어보이는 담젠전
2564,골드마트,덕담 잘하던데 저번에보니
2565,dRiCiRis,난쟁이 ㅇㄷ?
2566,dicee1121,상성보소
2567,gunwoo731,룰러도 진짜 참 꾸준한 원딜이다 멋있네
2568,펄짓,대
2569,zzzzak728,'무관' vs '유관'
2570,lovehny,대 황 룰 러
2571,luxurybody1234,개 똥 혁  똥 상 혁 느 그 혁 벌 레 혁
2572,tjddn1244,이거 광동이 이기면 어캐댐?
2573,김회색,508 ㄷㄷ
2574,쵸츠_,덕담 잘해
2575,y2kssagaji,제리가 사기다
2576,뭉뭉뭉뭉이,저저 사기챔
2577,looseleaf,892 ㅗㅜㅑ
2578,beadamonster,라인전 원툴이면 뭐함? ㅋㅋ 쇼메랑 영향력이 비교가 안되는데
2579,얄탁꾸리,궁만쐈는데
2580,매하일,바텀 누가 이기냐가 핵심이지
2581,김김김군다비,16:3
2582,피버흥해라,덕룰 라인전은 룰러가 잘패든데
2583,아르토리아크,ㅋㅋㅋㅋㅋㅋ 얼마나 평소 지표가 개판이면 브리온전껄 들고오냐
2584,antec1357,대단하다 버스메이커!!!!!!
2585,myjgh1231,'한해서는'
2586,fjfjtnrkkd,근데 더 라스트 오브 어스2는 갓겜임 스토리도 좋와요 ㅇㅈ?
2587,헬로우181818,응 룰러 에이징커브~
2588,zzinkkoo,'그팀' 팬분들 젠지 담원 경기와서 분탕좀 그만하세요
2589,sty155,대 버 지
2590,슝믹,역체미란다 ㅋㅋㅋㅋㅋㅋㅋㅋㅋㅋㅋㅋ 쇼맘쵸맘들 난리나겠네
2591,여러상아,제리는 막아야지
2592,진짜몰라서물음,대 속 담
2593,염주로,역최미는 결승이지 ㅋㅋㅋㅋ
2594,얍플랭크,4강에 역체미 이러고있네ㅋㅋㅋㅋ
2595,슈퍼만쥬,편집 맛있네 ㅋㅋ
2596,nowonnow2k,ㅎㄱㄱㄱ
2597,dwggod,제리로 못하는 인간이 어디있냐 ㅋㅋㅋ
2598,won5319,직스할거면 고스트가
2599,wincg123,^난^
2600,Surrender_Coach,20담원=물로켓 그냥 롤드컵 1회따리 ㅇㅇ
2601,sys9311,잼겠당
2602,cysku,그 장면
2603,y04091,응 담민이들아 은글슬적 버스메이커 역체미 끼워넣지마 t1한테 2대떡 케니언 게이밍 따리야 ㅋㅋ
2604,lis0920,황 러
2605,ggomnamu,캬
2606,nsy0906,아니 경기 시작전에 갈드겁 오지네 ㅋㅋㅋㅋㅋㅋ
2607,왕만두조아,LCK : 10개의 팀이 2달간 엎치락 뒤치락 하다 결국 담원이 우승하는 리그 ㄹㅇ
2608,솜지우,캬 대 황 러
2609,바람일수,20담원은 팀이 좋았지 고스트의 후예
2610,rhw5427,ㅡ
2611,kukallll,룰ㄹㄹㄹ러
2612,벚꽃필무렵대학원생,멋지네 ㄷㄷ
2613,Zokara28,덕버지 ㅋㅋㅋ
2614,ares8359,아니 라인전 이기면 뭐함? ^무^관 인데ㅋㅋ 쵸갈들아
2615,붕웁,영상 잘만들었다 ㅋㅋ
2616,baekdoomountain,sk갈 이 스레기들 때문에 괜히 죄없는 슼만 욕먹고 있네........................ 아 진짜 개싫다 에휴ㅉㅉ
2617,rookie0917,제리는 오늘 못볼듯 ㅋㅋㅋㅋ
2618,Ru_Korean,저장면 ㅋㅋ
2619,wjsbt1,담원 팬들은 젠지한테도 억까하네 ㅋㅋㅋ
2620,00년이문규,룰러의 롤드컵의 자야 ㄷㄷ
2621,fullinlove486,코박죽 아리 ㅋㅋㅋ
2622,단_화,덕담은 직스나 해라 원딜싸움으로는 가망 없다
2623,모카엔치즈,캬
2624,백두의냥냥펀치,@luxurybody1234 에휴 불쌍할 정도다 야 ㅋㅋㅋㅋㅋ
2625,재수하기싫어요,캬
2626,ujun0248,캬
2627,채루마,자 우한의 슈퍼스타 안현빈~~~
2628,manti12452,대황러
2629,gkslgksmfdl,오늘 19대 3 예정
2630,YameKri,저건 진짜 레전드
2631,scienpr,스킨의 주인 ㄷㄷ
2632,kurgal0903,담원 인장 ㅋㅋ
2633,illlilililililil,대 황 러
2634,함초롬체,담원이 오늘 젠첩들 참교육 시켜주자 결승은 어차피 t1이 이기니까 ㅇㅇ
2635,noizyvoice,황러 ㄷㄷ
2636,jejoji24,진 간2ㅣ
2637,zzinkkoo,'그팀' 팬분들 제발 담원젠지 팬들 배려좀 해주세요 여기와서도 욕하는 '그팀' 팬분들 너무하네
2638,koreankimchneon,스킨주인
2639,UselessnessMan,개간지 ㄷㄷ
2640,14239,유미가 포탑 맞고있네
2641,일름보정예트수,담원은 순위 껀에도 못 들어가네
2642,하이_하이11,대 황 러
2643,헤나의룩북,헤나의룩북 subscribed with Prime. They've subscribed for 2 months! 
2644,candy_flavor,캬
2645,nrew94,펜타줘
2646,lsehu,개표방송ㅋㅋ
2647,eoghkdzks,진짜 진짜 원딜
2648,wlsekjihwan,와 편집뭔  ㅋㅋ
2649,곰카콜라1,?
2650,아누아리자으나,공익콜 ㅋㅋㅋㅋ
2651,여러상아,다 1등이야?
2652,곰돌버거,ㅋㅋ
2653,ahfmrptektlqkf,ㅇ? 가짜원딜
2654,1번뽑았습니다,캬
2655,쎄타퓨엘,대 향 러
2656,Cone0133,19:3 ㅋㅋㅋㅋㅋㅋㅋ
2657,할머니리어카부수는라단,궁자세 저랬구나
2658,lalaland_112,빨리좀 해라 차피 결승가면 티원한테 쳐발릴텐데 ㅋㅋ
2659,귀차니즘ㅡㅡ,크 편집 개멋지네
2660,제니어,와 씨 편집 ㅋㅋㅋㅋㅋ
2661,미스터붐붐파우,킹간미
2662,이젠틀렸어,왕자님
2663,4260sungg,128% ㄷㄷㄷㄷ
2664,kukallll,캬
2665,마달별,아무나 와라ㅋㅋㅋㅋㅋㅋ
2666,트럴킴,편집 누가했냐? 잘했네 ㅋㅋㅋㅋㅋㅋㅋㅋ
2667,siqsiqwhgdk123,담민이들 독기 바싹올랐네
2668,wjdwlsdn1849,빗나감ㅋㅋㅋㅋ
2669,지윤앵,개멋잇네
2670,게임프랜드,근본
2671,크로뱃___,진짜 개표방송같네 ㅋㅋㅋ
2672,00년이문규,캬 대 황 러
2673,노력중입니다,그렇지만 펜타는 못먹는..
2674,strawberrybl0ss0m,와
2675,SkylineKR,대 황 러
2676,sd020517,군필콜
2677,Surrender_Coach,20담원=물로켓 그냥 롤드컵 1회따리 ㅇㅇ
2678,rkf1212,정작 자야 스킨은 안쓰는 ㅋㅋㅋㅋ
2679,yuj0906,영상 개지리네ㅋㅋㅋㅋㅋㅋㅋㅋㅋ
2680,myjgh1231,여자를 죽여?
2681,창바람,젠지 ㅎㅇㅌ
2682,내걸보면기겁하고도망갈껄,개머싯네
2683,채루마,님들 우한의 슈퍼스타 안현빈 아시는 분 귓속말 주세요.
2684,성난성태김성태,룰러>>>>구마유시
2685,CherryCatling,편집 그저 지림
2686,무료와이파이,다 1등이네
2687,zzzzak728,룰러는 이미 퇴물이징 ㅋㅋ
2688,lostar08,편집 좋다
2689,니차욘따라락,젠지 이기자
2690,jihooo0706,투자효율  최고 ㄷㄷㄷ
2691,seguking,룰러가 퍼스트 받는게 맞았지
2692,hj4413,황러
2693,chukbogi1,아겜원딜은 황러다
2694,Novice17,저거 누구였음
2695,혜브이,개표방송 ㅋㅋㅋㅋ
2696,카롱단_조하영,한체원 룰러!!!
2697,rhw5427,담원은 플옵지표만 있네 ㅋㅋ 얼마나 쓸게없으면
2698,야참부,드가자~~~~~~~~~~~~~~~~~
2699,aderop123,ㅑ웅
2700,s5214,5꽉해줘라
2701,sibillSW,ㅅ
2702,antec1357,LCK 1황팀 담원의 엄청난 지표 ㄷㄷㄷㄷㄷ
2703,튜카,큰거왓다
2704,cysku,전령 꼴지 ㅋㅋㅋ
2705,dRiCiRis,어째 편집이 개표방송같누 ㅋㅋㅋㅋㅋ
2706,zx8272003,GENG WIN
2707,gptjddld,개표방송 ㅋㅋㅋㅋㅋㅋ
2708,늑대상어,오늘 작은 거 오냐
2709,파솔솔,이야 편집맛집이네ㅋㅋ
2710,요조숙남,담민 vs 젠첩이냐 오늘?
2711,헬로우181818,저 룰러가 우지 재키러브 구마유시한테 털림 ㅋㅋ 심지어 쌈디도 ㅋㅋ
2712,qlalf12321,버돌년이 0.5인분만해도 담기가이길듯
2713,won5319,전령낮네
2714,아르토리아크,ㅋㅋㅋㅋㅋㅋㅋ 브리롱 팬 기록
2715,plplooo0,양데인 절대종신해
2716,jwymj129,구마유시>>>룰러
2717,오늘의일격이,진짜 T1이랑 많이 다르네
2718,pronopga,GEN win DK cút
2719,oomori1133,젠지 팬들은 페이커를 좋아합니다 채팅창에서 페이커를 음해하는 세력은 전부 담민이입니다
2720,kimjihoa,내다버린 전령
2721,얘드라행복해라,편하게 보셈 젠지가 걍 이김
2722,enzoeeeeeee,역시 최고 원딜 룰러
2723,Neptune_3300,GENG EASY CLAPZZ
2724,얏콜,담민이들은 제발 자기팀 응원좀 해주세요 경기도 없는 1위팀 끌어들여서 욕할생각만 하지말고 ㅠㅠ
2725,sosohanq,난 왜 담원이 이길 것 같노 ㅋㅋ
2726,희망전도사,ㅋㅋㅋㅋㅋㅋㅋㅋㅋㅋ
2727,찬지,역대콩 ㅋㅋㅋㅋ
2728,정똬여니,22222
2729,bbqdj,전령을 버리네 ㅋㅋ
2730,jabongtl,전령 꼴찌
2731,basepark101,역대 최강 콩라인 ㄷㄷ
2732,UselessnessMan,역대 최고의 2등 ㅋㅋㅋ
2733,자시스,2
2734,sbc5186,2?
2735,nomchinese,222222222222222222
2736,baekdoomountain,슼은 팬이 쓰ㄹㄱ라 괜히 죄없는 선수들만 욕먹네 에휴... 진짜 짜증난다ㅉㅉ
2737,문치,어차피 2위 ㅋ
2738,법알못,역체2
2739,최깊세,전령꼴지노 ㅋㅋㅋ
2740,매하일,젠지 지표 미쳤네
2741,키가작은미드,ㅋㅋㅋㅋㅋㅋㅋ
2742,승리토템,역체콩ㅋㅋㅋㅋ
2743,화_랑,역최준 ㅋㅋㅋㅋㅋㅋㅋㅋㅋㅋㅋ
2744,꼬마사서,전령멸시
2745,sleepwantsme,15승 3패인데 2등..?
2746,벡트로,무
2747,NeNeDa_,wjsfud qjflsp
2748,샌잠,2등 ㅋㅋㅋㅋㅋㅋㅋ
2749,조영남은화개장터,15승 3패로 2등...
2750,스치면고자,ㄹㅇㅋㅋ
2751,들어가슈,그렇긴해
2752,bamboobam1,2
2753,iamboy2000,드래곤성애자
2754,솜지우,전령에 관심없어도 지표는 높다..
2755,idoluvyou,역체2
2756,HoOon2,극 바텀형이네
2757,griphisyup,오늘 담민이들 매너채팅 해주세요
2758,greatjaewon,치킨 시켰다 야 미
2759,k200888,자야는 ㄴ스킨이 간지
2760,astemae,전령유기 ㅋㅋ
2761,송이버섯섯,전령꼴찌 ㅋㅋ
2762,LLQB1999,전령 10등 드래곤 1등ㅋㅋㅋㅋ
2763,단_화,15-3이면 앵간하면 1위지 ㅋㅋ
2764,프드라,전령왜저래
2765,lbs0620,대 황 슼
2766,아다다다가,이젠명
2767,게임프랜드,ㅋㅋㅋ 역대 2등 도르 ㅋㅋ
2768,k87130,젠지는 티원이랑 반대로 드래곤에 집중하네
2769,세르담,티원팬분들 선수비하 그만하고 나가주세요 ㅠㅠ
2770,노력중입니다,전령..?
2771,nemosemo486586,전령멸시
2772,zlzonhalba,자 멸망전 드가자
2773,김김김군다비,전령 보이콧 ㅋㅋ
2774,얄탁꾸리,빛나는 무관
2775,SleepSleepSleepS,2222 역체 2
2776,dm1504,역체콩 ㅋㅋㅋㅋ
2777,고교100년생,최고의 2등 ㅋㅋㅋㅋ
2778,시인디,전승 ㅋㅋㅋㅋㅋ
2779,빠나나썅,15승 3패 억까누 ㅋㅋㅋㅋㅋㅋㅋㅋㅋㅋㅋ
2780,rmsh169,도구는 안해주네
2781,jju2799,역대콩 ㅋㅋㅋㅋㅋㅋㅋㅋㅋ
2782,nowonnow2k,전령대신 용이네 젠지
2783,쨴니,...
2784,tkekfl95,역대 최고의 2등 ㅋㅋㅋ
2785,scienpr,최고으 2등
2786,체이잉,전령 꼴지는 보면 볼수록 대박이네
2787,루네아_,역체2 ㅋㅋㅋㅋㅋ
2788,진존게못,무조건 젠지
2789,eoghkdzks,역최콩 ㅋㅋㅋㅋ
2790,진격해야했는데,젠지  드래곤 이 우선인가
2791,미니건을든회색냥,페이커는 ㅁ ㅜ허ㅏㅁ
2792,태어난_김에_사는_사람,ㅋㅋㅋㅋㅋ
2793,김회색,전령이 왜 꼴등임????
2794,zzzzak728,^무^
2795,내서랍속의낡은상자,1등뺴고 왠만하면 다 이긴거지...
2796,beadamonster,역체콩 ㅋㅋㅋ
2797,닉네임1124,바론 파워 플레이는 대체 뭔 지표냐
2798,jperon1,2222222222
2799,모찌먹는라이츄,2
2800,설정된닉네임,역대최고의 2등ㅋㅋㅋㅋㅋㅋ
2801,헤에운,준우승도 준우승
2802,zizyzb,ㄹㅇ 젠지도 엄청 잘한건데 ㅋㅋ
2803,파란머리오목눈이,역체2 ㅋㅋㅋㅋㅋㅋ
2804,공룡박사파카,ㅋㅋㅋㅋㅋㅋㅋㅋㅋㅋ
2805,rich100sooo,구마유시 >>>>>>룰러 >> 데프트 >>>>>>>>>덕담
2806,bradlee0816,ㅋㅋㅋㅋㅋㅋ
2807,레디치,의ㄹ외로 전령은 안먹었네
2808,만신김성모,20서머 drx와 동급
2809,myjgh1231,역대 최고의 2위 ㅋㅋㅋㅋㅋㅋㅋㅋㅋㅋㅋㅋㅋㅋ
2810,dukerell,역체콩
2811,김떡봉,스코어 믿고있었다고!
2812,익힌새우,역체콩ㅋㅋㅋ
2813,블루투스술통,젠콩
2814,_소롱,역체콩 ㅇㅈㄹㅋㅋㅋㅋㅋㅋㅋㅋㅋㅋ
2815,중동용병,역대콩
2816,_캬아,역최2위
2817,무료와이파이,역대 최고의 콩ㅋㅋㅋㅋㅋㅋ
2818,_하눌,역최콩 ㅋㅋㅋㅋㅋㅋㅋㅋㅋ
2819,우노1,역체콩ㅋㅋㅋㅋㅋㅋㅋㅋ
2820,shoemaker155,콩콩
2821,대한풍어,콩지
2822,00년이문규,지표는 거의 비슷하네
2823,hanrabong1,15승이면 우승권인데 ㅋㅋ
2824,테일즈__,엑최콩
2825,무지렁이먹는수달,전령 그냥안먹네
2826,살인마몽구,ㅁ
2827,Surrender_Coach,20담원=물로켓 그냥 롤드컵 1회따리 ㅇㅇ
2828,피버흥해라,ㅋㅋ 15 3이면 역대 1등팀 스코어지
2829,_택이__,역체콩 ㅋㅋㅋㅋㅋㅋ
2830,qw7311,역대 최고의 콩
2831,야시장,콩젠지ㅋㅋ
